source_type,identifier,status_current,file,line,english,current_chinese,desired_chinese,notes
inline_ternary,app/frontend/src/pages/ArtifactCenter.tsx:490:inline_ternary:1,translated,app/frontend/src/pages/ArtifactCenter.tsx,490,Please choose at least one image file,请选择至少一个图片文件。,请选择至少一个图片文件。,
inline_ternary,app/frontend/src/pages/ArtifactCenter.tsx:983:inline_ternary:1,translated,app/frontend/src/pages/ArtifactCenter.tsx,983,Entry paper added,入口文献已添加,入口文献已添加,
inline_ternary,app/frontend/src/pages/ArtifactCenter.tsx:985:inline_ternary:1,translated,app/frontend/src/pages/ArtifactCenter.tsx,985,Failed to add entry paper,添加入口文献失败,添加入口文献失败,
inline_ternary,app/frontend/src/pages/ArtifactCenter.tsx:1305:inline_ternary:1,translated,app/frontend/src/pages/ArtifactCenter.tsx,1305,My Artifacts,我的产件,我的产件,
inline_ternary,app/frontend/src/pages/ArtifactCenter.tsx:1308:inline_ternary:1,translated,app/frontend/src/pages/ArtifactCenter.tsx,1308,All your research outputs in one place,将所有研究产物集中于一处,将所有研究产物集中于一处,
inline_ternary,app/frontend/src/pages/ArtifactCenter.tsx:1327:inline_ternary:1,translated,app/frontend/src/pages/ArtifactCenter.tsx,1327,Community,社区,社区,
inline_ternary,app/frontend/src/pages/ArtifactCenter.tsx:1338:inline_ternary:1,translated,app/frontend/src/pages/ArtifactCenter.tsx,1338,item,项,项,
inline_ternary,app/frontend/src/pages/ArtifactCenter.tsx:1338:inline_ternary:2,translated,app/frontend/src/pages/ArtifactCenter.tsx,1338,selected,已选,已选,
inline_ternary,app/frontend/src/pages/ArtifactCenter.tsx:1344:inline_ternary:1,translated,app/frontend/src/pages/ArtifactCenter.tsx,1344,Clear,清除,清除,
inline_ternary,app/frontend/src/pages/ArtifactCenter.tsx:1349:inline_ternary:1,translated,app/frontend/src/pages/ArtifactCenter.tsx,1349,Select Visible,选择当前可见项,选择当前可见项,
inline_ternary,app/frontend/src/pages/ArtifactCenter.tsx:1357:inline_ternary:1,translated,app/frontend/src/pages/ArtifactCenter.tsx,1357,Create Package,创建产集,创建产集,
inline_ternary,app/frontend/src/pages/ArtifactCenter.tsx:1426:inline_ternary:1,translated,app/frontend/src/pages/ArtifactCenter.tsx,1426,Cards per page,每页卡片数,每页卡片数,
inline_ternary,app/frontend/src/pages/ArtifactCenter.tsx:1437:inline_ternary:1,translated,app/frontend/src/pages/ArtifactCenter.tsx,1437,All,全部,全部,
inline_ternary,app/frontend/src/pages/ArtifactCenter.tsx:1450:inline_ternary:1,translated,app/frontend/src/pages/ArtifactCenter.tsx,1450,Prev,上一页,上一页,
inline_ternary,app/frontend/src/pages/ArtifactCenter.tsx:1452:inline_ternary:1,translated,app/frontend/src/pages/ArtifactCenter.tsx,1452,Next,前进,前进,
inline_ternary,app/frontend/src/pages/ArtifactCenter.tsx:1472:inline_ternary:1,translated,app/frontend/src/pages/ArtifactCenter.tsx,1472,Add Paper,添加论文,添加论文,
inline_ternary,app/frontend/src/pages/ArtifactCenter.tsx:1477:inline_ternary:1,translated,app/frontend/src/pages/ArtifactCenter.tsx,1477,Add One,添加一篇,添加一篇,
inline_ternary,app/frontend/src/pages/ArtifactCenter.tsx:1479:inline_ternary:1,translated,app/frontend/src/pages/ArtifactCenter.tsx,1479,Add Multiple,添加多篇,添加多篇,
inline_ternary,app/frontend/src/pages/ArtifactCenter.tsx:1501:inline_ternary:1,translated,app/frontend/src/pages/ArtifactCenter.tsx,1501,Upload File,上传文件,上传文件,
inline_ternary,app/frontend/src/pages/ArtifactCenter.tsx:1518:inline_ternary:1,translated,app/frontend/src/pages/ArtifactCenter.tsx,1518,Uploading...,上传中...,上传中...,
inline_ternary,app/frontend/src/pages/ArtifactCenter.tsx:1527:inline_ternary:1,translated,app/frontend/src/pages/ArtifactCenter.tsx,1527,Uploading,正在上传,正在上传,
inline_ternary,app/frontend/src/pages/ArtifactCenter.tsx:1535:inline_ternary:1,translated,app/frontend/src/pages/ArtifactCenter.tsx,1535,Retry,重试,重试,
inline_ternary,app/frontend/src/pages/ArtifactCenter.tsx:1539:inline_ternary:1,translated,app/frontend/src/pages/ArtifactCenter.tsx,1539,Saved to Visuals,已保存到 Visuals,已保存到 Visuals,
inline_ternary,app/frontend/src/pages/ArtifactCenter.tsx:1563:inline_ternary:1,translated,app/frontend/src/pages/ArtifactCenter.tsx,1563,All (,全部（,全部（,
inline_ternary,app/frontend/src/pages/ArtifactCenter.tsx:1581:inline_ternary:1,translated,app/frontend/src/pages/ArtifactCenter.tsx,1581,No keywords in this category for current search.,当前搜索中此类别下没有关键词。,当前搜索中此类别下没有关键词。,
inline_ternary,app/frontend/src/pages/ArtifactCenter.tsx:1598:inline_ternary:1,translated,app/frontend/src/pages/ArtifactCenter.tsx,1598,All (,全部（,全部（,
inline_ternary,app/frontend/src/pages/ArtifactCenter.tsx:1615:inline_ternary:1,translated,app/frontend/src/pages/ArtifactCenter.tsx,1615,Showing,显示,显示,
inline_ternary,app/frontend/src/pages/ArtifactCenter.tsx:1615:inline_ternary:2,translated,app/frontend/src/pages/ArtifactCenter.tsx,1615,of,的,的,
inline_ternary,app/frontend/src/pages/ArtifactCenter.tsx:1641:inline_ternary:1,translated,app/frontend/src/pages/ArtifactCenter.tsx,1641,Select for package,选择并打包,选择并打包,
inline_ternary,app/frontend/src/pages/ArtifactCenter.tsx:1673:inline_ternary:1,translated,app/frontend/src/pages/ArtifactCenter.tsx,1673,Browse,浏览,浏览,
inline_ternary,app/frontend/src/pages/ArtifactCenter.tsx:1682:inline_ternary:1,translated,app/frontend/src/pages/ArtifactCenter.tsx,1682,Edit,编辑,编辑,
inline_ternary,app/frontend/src/pages/ArtifactCenter.tsx:1691:inline_ternary:1,translated,app/frontend/src/pages/ArtifactCenter.tsx,1691,Delete,删除,删除,
inline_ternary,app/frontend/src/pages/ArtifactCenter.tsx:1714:inline_ternary:1,translated,app/frontend/src/pages/ArtifactCenter.tsx,1714,Show,显示,显示,
inline_ternary,app/frontend/src/pages/ArtifactCenter.tsx:1714:inline_ternary:2,translated,app/frontend/src/pages/ArtifactCenter.tsx,1714,more in,个更多于,个更多于,
inline_ternary,app/frontend/src/pages/ArtifactCenter.tsx:1730:inline_ternary:1,translated,app/frontend/src/pages/ArtifactCenter.tsx,1730,Collapse,折叠,折叠,
inline_ternary,app/frontend/src/pages/ArtifactCenter.tsx:1787:inline_ternary:1,translated,app/frontend/src/pages/ArtifactCenter.tsx,1787,Step,步骤,步骤,
inline_ternary,app/frontend/src/pages/ArtifactCenter.tsx:1807:inline_ternary:1,translated,app/frontend/src/pages/ArtifactCenter.tsx,1807,Entry,入口文献,入口文献,
inline_ternary,app/frontend/src/pages/ArtifactCenter.tsx:1811:inline_ternary:1,translated,app/frontend/src/pages/ArtifactCenter.tsx,1811,Expanded,扩展文献,扩展文献,
inline_ternary,app/frontend/src/pages/ArtifactCenter.tsx:1844:inline_ternary:1,translated,app/frontend/src/pages/ArtifactCenter.tsx,1844,View,查看,查看,
inline_ternary,app/frontend/src/pages/ArtifactCenter.tsx:1852:inline_ternary:1,translated,app/frontend/src/pages/ArtifactCenter.tsx,1852,Edit,编辑,编辑,
inline_ternary,app/frontend/src/pages/ArtifactCenter.tsx:1863:inline_ternary:1,translated,app/frontend/src/pages/ArtifactCenter.tsx,1863,Open in Paper Read,在PDF阅读器中打开,在PDF阅读器中打开,
inline_ternary,app/frontend/src/pages/ArtifactCenter.tsx:1876:inline_ternary:1,translated,app/frontend/src/pages/ArtifactCenter.tsx,1876,Delete,删除,删除,
inline_ternary,app/frontend/src/pages/ArtifactCenter.tsx:1907:inline_ternary:1,translated,app/frontend/src/pages/ArtifactCenter.tsx,1907,Step,步骤,步骤,
inline_ternary,app/frontend/src/pages/ArtifactCenter.tsx:1922:inline_ternary:1,translated,app/frontend/src/pages/ArtifactCenter.tsx,1922,Last edited:,最后编辑：,最后编辑：,
inline_ternary,app/frontend/src/pages/ArtifactCenter.tsx:1940:inline_ternary:1,translated,app/frontend/src/pages/ArtifactCenter.tsx,1940,View,查看,查看,
inline_ternary,app/frontend/src/pages/ArtifactCenter.tsx:1943:inline_ternary:1,translated,app/frontend/src/pages/ArtifactCenter.tsx,1943,Edit,编辑,编辑,
inline_ternary,app/frontend/src/pages/ArtifactCenter.tsx:1950:inline_ternary:1,translated,app/frontend/src/pages/ArtifactCenter.tsx,1950,Delete,删除,删除,
inline_ternary,app/frontend/src/pages/ArtifactCenter.tsx:1979:inline_ternary:1,translated,app/frontend/src/pages/ArtifactCenter.tsx,1979,Create Artifact Package,创建产集,创建产集,
inline_ternary,app/frontend/src/pages/ArtifactCenter.tsx:1983:inline_ternary:1,translated,app/frontend/src/pages/ArtifactCenter.tsx,1983,Package Name,产集名称,产集名称,
inline_ternary,app/frontend/src/pages/ArtifactCenter.tsx:1987:inline_ternary:1,translated,app/frontend/src/pages/ArtifactCenter.tsx,1987,e.g. RL Draft Starter Kit,例如 RL 起始套件,例如 RL 起始套件,
inline_ternary,app/frontend/src/pages/ArtifactCenter.tsx:1992:inline_ternary:1,translated,app/frontend/src/pages/ArtifactCenter.tsx,1992,Description,例如 RL 起始套件,例如 RL 起始套件,
inline_ternary,app/frontend/src/pages/ArtifactCenter.tsx:1996:inline_ternary:1,translated,app/frontend/src/pages/ArtifactCenter.tsx,1996,What does this package contain and when should others use it?,这个产集包含什么内容，其他人何时应该使用它？,这个产集包含什么内容，其他人何时应该使用它？,
inline_ternary,app/frontend/src/pages/ArtifactCenter.tsx:2001:inline_ternary:1,translated,app/frontend/src/pages/ArtifactCenter.tsx,2001,Selected items:,例如 RL 起始套件,例如 RL 起始套件,
inline_ternary,app/frontend/src/pages/ArtifactCenter.tsx:2011:inline_ternary:1,translated,app/frontend/src/pages/ArtifactCenter.tsx,2011,Share Package,分享产集,分享产集,
inline_ternary,app/frontend/src/pages/ArtifactCenter.tsx:2013:inline_ternary:1,translated,app/frontend/src/pages/ArtifactCenter.tsx,2013,Cancel,取消,取消,
inline_ternary,app/frontend/src/pages/ArtifactCenter.tsx:2014:inline_ternary:1,translated,app/frontend/src/pages/ArtifactCenter.tsx,2014,Package shared.,产集已分享。,产集已分享。,
inline_ternary,app/frontend/src/pages/ArtifactCenter.tsx:2029:inline_ternary:1,translated,app/frontend/src/pages/ArtifactCenter.tsx,2029,Add Entry Paper,添加入口文献,添加入口文献,
inline_ternary,app/frontend/src/pages/ArtifactCenter.tsx:2033:inline_ternary:1,translated,app/frontend/src/pages/ArtifactCenter.tsx,2033,DOI or URL (optional),DOI 或 URL（可选）,DOI 或 URL（可选）,
inline_ternary,app/frontend/src/pages/ArtifactCenter.tsx:2044:inline_ternary:1,translated,app/frontend/src/pages/ArtifactCenter.tsx,2044,Title,标题,标题,
inline_ternary,app/frontend/src/pages/ArtifactCenter.tsx:2045:inline_ternary:1,translated,app/frontend/src/pages/ArtifactCenter.tsx,2045,Paper title...,论文标题...,论文标题...,
inline_ternary,app/frontend/src/pages/ArtifactCenter.tsx:2048:inline_ternary:1,translated,app/frontend/src/pages/ArtifactCenter.tsx,2048,Authors (comma-separated),作者（逗号分隔）,作者（逗号分隔）,
inline_ternary,app/frontend/src/pages/ArtifactCenter.tsx:2049:inline_ternary:1,translated,app/frontend/src/pages/ArtifactCenter.tsx,2049,"Author 1, Author 2...","作者1, 作者2...","作者1, 作者2...",
inline_ternary,app/frontend/src/pages/ArtifactCenter.tsx:2053:inline_ternary:1,translated,app/frontend/src/pages/ArtifactCenter.tsx,2053,Year,年份,年份,
inline_ternary,app/frontend/src/pages/ArtifactCenter.tsx:2057:inline_ternary:1,translated,app/frontend/src/pages/ArtifactCenter.tsx,2057,Journal,期刊,期刊,
inline_ternary,app/frontend/src/pages/ArtifactCenter.tsx:2058:inline_ternary:1,translated,app/frontend/src/pages/ArtifactCenter.tsx,2058,Journal name...,期刊名称...,期刊名称...,
inline_ternary,app/frontend/src/pages/ArtifactCenter.tsx:2062:inline_ternary:1,translated,app/frontend/src/pages/ArtifactCenter.tsx,2062,Discovery Path,发现路径,发现路径,
inline_ternary,app/frontend/src/pages/ArtifactCenter.tsx:2087:inline_ternary:1,translated,app/frontend/src/pages/ArtifactCenter.tsx,2087,Discovery Note,发现笔记,发现笔记,
inline_ternary,app/frontend/src/pages/ArtifactCenter.tsx:2088:inline_ternary:1,translated,app/frontend/src/pages/ArtifactCenter.tsx,2088,How did you find this paper?,你是如何找到这篇论文的？,你是如何找到这篇论文的？,
inline_ternary,app/frontend/src/pages/ArtifactCenter.tsx:2093:inline_ternary:1,translated,app/frontend/src/pages/ArtifactCenter.tsx,2093,Add Paper,发现笔记,发现笔记,
inline_ternary,app/frontend/src/pages/ArtifactCenter.tsx:2095:inline_ternary:1,translated,app/frontend/src/pages/ArtifactCenter.tsx,2095,Cancel,取消,取消,
inline_ternary,app/frontend/src/pages/ArtifactCenter.tsx:2110:inline_ternary:1,translated,app/frontend/src/pages/ArtifactCenter.tsx,2110,Add Multiple Entry Papers,添加多篇入口文献,添加多篇入口文献,
inline_ternary,app/frontend/src/pages/ArtifactCenter.tsx:2114:inline_ternary:1,translated,app/frontend/src/pages/ArtifactCenter.tsx,2114,DOI links (one per line),DOI 链接（每行一个）,DOI 链接（每行一个）,
inline_ternary,app/frontend/src/pages/ArtifactCenter.tsx:2133:inline_ternary:1,translated,app/frontend/src/pages/ArtifactCenter.tsx,2133,Cancel,取消,取消,
inline_ternary,app/frontend/src/pages/ArtifactCenter.tsx:2149:inline_ternary:1,translated,app/frontend/src/pages/ArtifactCenter.tsx,2149,Keyword Name,关键词名称,关键词名称,
inline_ternary,app/frontend/src/pages/ArtifactCenter.tsx:2158:inline_ternary:1,translated,app/frontend/src/pages/ArtifactCenter.tsx,2158,Description,描述,描述,
inline_ternary,app/frontend/src/pages/ArtifactCenter.tsx:2168:inline_ternary:1,translated,app/frontend/src/pages/ArtifactCenter.tsx,2168,Category,类别,类别,
inline_ternary,app/frontend/src/pages/ArtifactCenter.tsx:2177:inline_ternary:1,translated,app/frontend/src/pages/ArtifactCenter.tsx,2177,Color,颜色,颜色,
inline_ternary,app/frontend/src/pages/ArtifactCenter.tsx:2193:inline_ternary:1,translated,app/frontend/src/pages/ArtifactCenter.tsx,2193,Save,保存,保存,
inline_ternary,app/frontend/src/pages/WorkflowWorkspace.tsx:223:inline_ternary:1,translated,app/frontend/src/pages/WorkflowWorkspace.tsx,223,Draft Page Failed to Load,草稿页面加载失败,草稿页面加载失败,
inline_ternary,app/frontend/src/pages/WorkflowWorkspace.tsx:226:inline_ternary:1,translated,app/frontend/src/pages/WorkflowWorkspace.tsx,226,Please copy the error details and logs below so I can keep debugging.,请复制下面的错误详情和日志，以便我可以继续调试。,请复制下面的错误详情和日志，以便我可以继续调试。,
inline_ternary,app/frontend/src/pages/WorkflowWorkspace.tsx:231:inline_ternary:1,translated,app/frontend/src/pages/WorkflowWorkspace.tsx,231,Error Message,错误信息,错误信息,
inline_ternary,app/frontend/src/pages/WorkflowWorkspace.tsx:236:inline_ternary:1,translated,app/frontend/src/pages/WorkflowWorkspace.tsx,236,Log / Stack,日志/栈,日志/栈,
inline_ternary,app/frontend/src/pages/WorkflowWorkspace.tsx:238:inline_ternary:1,translated,app/frontend/src/pages/WorkflowWorkspace.tsx,238,No stack available,日志/栈,日志/栈,
inline_tr,app/frontend/src/pages/WorkflowWorkspace.tsx:405:inline_tr:1,translated,app/frontend/src/pages/WorkflowWorkspace.tsx,405,Workflow auxiliary cache cleared,工作流辅助缓存已清除,工作流辅助缓存已清除,
inline_tr,app/frontend/src/pages/WorkflowWorkspace.tsx:407:inline_tr:1,translated,app/frontend/src/pages/WorkflowWorkspace.tsx,407,Decision history and local artifact cache have been cleared.,工作流辅助缓存已清除,工作流辅助缓存已清除,
inline_tr,app/frontend/src/pages/WorkflowWorkspace.tsx:440:inline_tr:1,translated,app/frontend/src/pages/WorkflowWorkspace.tsx,440,Clear Cache,清除缓存,清除缓存,
inline_tr,app/frontend/src/pages/WorkflowWorkspace.tsx:460:inline_tr:1,translated,app/frontend/src/pages/WorkflowWorkspace.tsx,460,Next Step,下一步,下一步,
inline_tr,app/frontend/src/pages/WorkflowWorkspace.tsx:460:inline_tr:2,translated,app/frontend/src/pages/WorkflowWorkspace.tsx,460,Workflow Complete,工作流完成,工作流完成,
inline_tr,app/frontend/src/pages/WorkflowWorkspace.tsx:467:inline_tr:1,translated,app/frontend/src/pages/WorkflowWorkspace.tsx,467,You are at the final step.,您已到达最后一步。,您已到达最后一步。,
inline_tr,app/frontend/src/pages/WorkflowWorkspace.tsx:495:inline_tr:1,translated,app/frontend/src/pages/WorkflowWorkspace.tsx,495,Back to Dashboard,返回仪表板,返回仪表板,
inline_tr,app/frontend/src/pages/WorkflowWorkspace.tsx:577:inline_tr:1,translated,app/frontend/src/pages/WorkflowWorkspace.tsx,577,Research Purpose,研究目的,研究目的,
inline_tr,app/frontend/src/pages/WorkflowWorkspace.tsx:578:inline_tr:1,translated,app/frontend/src/pages/WorkflowWorkspace.tsx,578,Research Purpose,研究目的,研究目的,
inline_tr,app/frontend/src/pages/WorkflowWorkspace.tsx:585:inline_tr:1,translated,app/frontend/src/pages/WorkflowWorkspace.tsx,585,Reading purpose,阅读目的,阅读目的,
inline_tr,app/frontend/src/pages/WorkflowWorkspace.tsx:587:inline_tr:1,translated,app/frontend/src/pages/WorkflowWorkspace.tsx,587,Goals,阅读目的,阅读目的,
inline_tr,app/frontend/src/pages/WorkflowWorkspace.tsx:587:inline_tr:2,translated,app/frontend/src/pages/WorkflowWorkspace.tsx,587,Focus,焦点,焦点,
inline_tr,app/frontend/src/pages/WorkflowWorkspace.tsx:600:inline_tr:1,translated,app/frontend/src/pages/WorkflowWorkspace.tsx,600,Purpose Card generated,目的卡片已生成,目的卡片已生成,
inline_tr,app/frontend/src/pages/WorkflowWorkspace.tsx:601:inline_tr:1,translated,app/frontend/src/pages/WorkflowWorkspace.tsx,601,Saved to Artifact Center > Purposes,已保存至我的产件 > 目的,已保存至我的产件 > 目的,
inline_tr,app/frontend/src/pages/WorkflowWorkspace.tsx:617:inline_tr:1,translated,app/frontend/src/pages/WorkflowWorkspace.tsx,617,What is your reading purpose?,你的阅读目的是什么？,你的阅读目的是什么？,
inline_tr,app/frontend/src/pages/WorkflowWorkspace.tsx:623:inline_tr:1,translated,app/frontend/src/pages/WorkflowWorkspace.tsx,623,Predefined Purposes,预定义的目的,预定义的目的,
inline_tr,app/frontend/src/pages/WorkflowWorkspace.tsx:646:inline_tr:1,translated,app/frontend/src/pages/WorkflowWorkspace.tsx,646,Custom,自定义,自定义,
inline_tr,app/frontend/src/pages/WorkflowWorkspace.tsx:655:inline_tr:1,translated,app/frontend/src/pages/WorkflowWorkspace.tsx,655,Add Custom Purpose,添加自定义目的,添加自定义目的,
inline_tr,app/frontend/src/pages/WorkflowWorkspace.tsx:660:inline_tr:1,translated,app/frontend/src/pages/WorkflowWorkspace.tsx,660,Enter a custom reading purpose...,输入一个自定义阅读目的...,输入一个自定义阅读目的...,
inline_tr,app/frontend/src/pages/WorkflowWorkspace.tsx:675:inline_tr:1,translated,app/frontend/src/pages/WorkflowWorkspace.tsx,675,Add Purpose,添加目的,添加目的,
inline_tr,app/frontend/src/pages/WorkflowWorkspace.tsx:679:inline_tr:1,translated,app/frontend/src/pages/WorkflowWorkspace.tsx,679,Added custom purposes will appear in the predefined list on the left.,添加的自定义目的将会出现在左侧的预定义列表中。,添加的自定义目的将会出现在左侧的预定义列表中。,
inline_tr,app/frontend/src/pages/WorkflowWorkspace.tsx:687:inline_tr:1,translated,app/frontend/src/pages/WorkflowWorkspace.tsx,687,Additional Notes,附加说明,附加说明,
inline_tr,app/frontend/src/pages/WorkflowWorkspace.tsx:692:inline_tr:1,translated,app/frontend/src/pages/WorkflowWorkspace.tsx,692,Describe your specific research interest...,描述你的具体研究兴趣...,描述你的具体研究兴趣...,
inline_tr,app/frontend/src/pages/WorkflowWorkspace.tsx:704:inline_tr:1,translated,app/frontend/src/pages/WorkflowWorkspace.tsx,704,Purpose Card Generated,目的卡片已生成,目的卡片已生成,
inline_tr,app/frontend/src/pages/WorkflowWorkspace.tsx:710:inline_tr:1,translated,app/frontend/src/pages/WorkflowWorkspace.tsx,710,Research Purpose,研究目的,研究目的,
inline_ternary,app/frontend/src/pages/WorkflowWorkspace.tsx:710:inline_ternary:1,translated,app/frontend/src/pages/WorkflowWorkspace.tsx,710,: AI & SRL in Higher Ed,：高等教育中的 AI 与自我调节学习,：高等教育中的 AI 与自我调节学习,
inline_tr,app/frontend/src/pages/WorkflowWorkspace.tsx:712:inline_tr:1,translated,app/frontend/src/pages/WorkflowWorkspace.tsx,712,Goals,目标,目标,
inline_tr,app/frontend/src/pages/WorkflowWorkspace.tsx:715:inline_tr:1,translated,app/frontend/src/pages/WorkflowWorkspace.tsx,715,Focus,焦点,焦点,
inline_tr,app/frontend/src/pages/WorkflowWorkspace.tsx:729:inline_tr:1,translated,app/frontend/src/pages/WorkflowWorkspace.tsx,729,Generate Purpose Card,生成目的卡片,生成目的卡片,
inline_ternary,app/frontend/src/pages/WorkflowWorkspace.tsx:865:inline_ternary:1,translated,app/frontend/src/pages/WorkflowWorkspace.tsx,865,请先在 Step 1 创建至少一个 Purpose Card,请先在步骤1创建至少一个目的卡片,请先在步骤1创建至少一个目的卡片,
inline_ternary,app/frontend/src/pages/WorkflowWorkspace.tsx:869:inline_ternary:1,translated,app/frontend/src/pages/WorkflowWorkspace.tsx,869,请先选择要关联的 Purpose Card,请先选择要关联的目的卡片,请先选择要关联的目的卡片,
inline_ternary,app/frontend/src/pages/WorkflowWorkspace.tsx:1290:inline_ternary:1,translated,app/frontend/src/pages/WorkflowWorkspace.tsx,1290,请先在 Step 1 创建至少一个 Purpose Card,请先在步骤1创建至少一个目的卡片,请先在步骤1创建至少一个目的卡片,
inline_ternary,app/frontend/src/pages/WorkflowWorkspace.tsx:1417:inline_ternary:1,translated,app/frontend/src/pages/WorkflowWorkspace.tsx,1417,请先在 Step 1 创建至少一个 Purpose Card,请先在步骤1创建至少一个目的卡片,请先在步骤1创建至少一个目的卡片,
inline_ternary,app/frontend/src/pages/WorkflowWorkspace.tsx:1601:inline_ternary:1,translated,app/frontend/src/pages/WorkflowWorkspace.tsx,1601,Search string 为空，无法拉取参考文献,搜索字符串为空，无法拉取参考文献,搜索字符串为空，无法拉取参考文献,
inline_ternary,app/frontend/src/pages/WorkflowWorkspace.tsx:1711:inline_ternary:1,translated,app/frontend/src/pages/WorkflowWorkspace.tsx,1711,本次结果全部是重复文献，未新增 candidate papers,本次结果全部是重复文献，未新增候选文献,本次结果全部是重复文献，未新增候选文献,
inline_ternary,app/frontend/src/pages/WorkflowWorkspace.tsx:1738:inline_ternary:1,translated,app/frontend/src/pages/WorkflowWorkspace.tsx,1738,更新 Search Log 统计失败,更新检索日志统计失败,更新检索日志统计失败,
inline_ternary,app/frontend/src/pages/WorkflowWorkspace.tsx:1760:inline_ternary:1,translated,app/frontend/src/pages/WorkflowWorkspace.tsx,1760,请先在 Step 1 创建至少一个 Purpose Card,请先在步骤1创建至少一个目的卡片,请先在步骤1创建至少一个目的卡片,
inline_ternary,app/frontend/src/pages/WorkflowWorkspace.tsx:1764:inline_ternary:1,translated,app/frontend/src/pages/WorkflowWorkspace.tsx,1764,请为该 Search Log 选择关联的 Purpose Card,请为该检索日志选择关联的目的卡片,请为该检索日志选择关联的目的卡片,
inline_ternary,app/frontend/src/pages/WorkflowWorkspace.tsx:1771:inline_ternary:1,translated,app/frontend/src/pages/WorkflowWorkspace.tsx,1771,请先构建 Boolean Search String,请先构建布尔搜索字符串,请先构建布尔搜索字符串,
inline_ternary,app/frontend/src/pages/WorkflowWorkspace.tsx:1791:inline_ternary:1,translated,app/frontend/src/pages/WorkflowWorkspace.tsx,1791,无法删除该 Search Record,无法删除该检索结果,无法删除该检索结果,
inline_ternary,app/frontend/src/pages/WorkflowWorkspace.tsx:1808:inline_ternary:1,translated,app/frontend/src/pages/WorkflowWorkspace.tsx,1808,删除 Search Log 失败,删除检索日志失败,删除检索日志失败,
inline_ternary,app/frontend/src/pages/WorkflowWorkspace.tsx:1810:inline_ternary:1,translated,app/frontend/src/pages/WorkflowWorkspace.tsx,1810,Search Record 已删除,检索结果已删除,检索结果已删除,
inline_ternary,app/frontend/src/pages/WorkflowWorkspace.tsx:1862:inline_ternary:1,translated,app/frontend/src/pages/WorkflowWorkspace.tsx,1862,创建 Search Log 失败,创建检索日志失败,创建检索日志失败,
inline_ternary,app/frontend/src/pages/WorkflowWorkspace.tsx:1918:inline_ternary:1,translated,app/frontend/src/pages/WorkflowWorkspace.tsx,1918,创建 Search Log 失败,创建检索日志失败,创建检索日志失败,
inline_ternary,app/frontend/src/pages/WorkflowWorkspace.tsx:1931:inline_ternary:1,translated,app/frontend/src/pages/WorkflowWorkspace.tsx,1931,请先在 Search Log 中创建记录,请先在检索日志中创建记录,请先在检索日志中创建记录,
inline_ternary,app/frontend/src/pages/WorkflowWorkspace.tsx:1942:inline_ternary:1,translated,app/frontend/src/pages/WorkflowWorkspace.tsx,1942,没有可用的 Search Log,没有可用的检索日志,没有可用的检索日志,
inline_ternary,app/frontend/src/pages/WorkflowWorkspace.tsx:1953:inline_ternary:1,translated,app/frontend/src/pages/WorkflowWorkspace.tsx,1953,请选择一个 Search Log,请选择一个检索日志,请选择一个检索日志,
inline_ternary,app/frontend/src/pages/WorkflowWorkspace.tsx:2001:inline_ternary:1,translated,app/frontend/src/pages/WorkflowWorkspace.tsx,2001,保存 Search Log 失败,保存检索日志失败,保存检索日志失败,
inline_ternary,app/frontend/src/pages/WorkflowWorkspace.tsx:2243:inline_ternary:1,translated,app/frontend/src/pages/WorkflowWorkspace.tsx,2243,Remove this paper from Entry Papers before deleting it,请先将该论文从入口文献中移除,请先将该论文从入口文献中移除,
inline_ternary,app/frontend/src/pages/WorkflowWorkspace.tsx:2278:inline_ternary:1,translated,app/frontend/src/pages/WorkflowWorkspace.tsx,2278,已从 Artifact Center 移除,已从我的产件移除,已从我的产件移除,
inline_ternary,app/frontend/src/pages/WorkflowWorkspace.tsx:2286:inline_ternary:1,translated,app/frontend/src/pages/WorkflowWorkspace.tsx,2286,已添加到 Artifact Center,已添加到我的产件,已添加到我的产件,
inline_ternary,app/frontend/src/pages/WorkflowWorkspace.tsx:2310:inline_ternary:1,translated,app/frontend/src/pages/WorkflowWorkspace.tsx,2310,Failed to remove from Entry Papers,从入口文献移除失败,从入口文献移除失败,
inline_ternary,app/frontend/src/pages/WorkflowWorkspace.tsx:2311:inline_ternary:1,translated,app/frontend/src/pages/WorkflowWorkspace.tsx,2311,Failed to move to Entry Papers,从入口文献移除失败,从入口文献移除失败,
inline_ternary,app/frontend/src/pages/WorkflowWorkspace.tsx:2417:inline_ternary:1,translated,app/frontend/src/pages/WorkflowWorkspace.tsx,2417,Remove selected papers from Entry Papers before deleting them,请先将所选论文从入口文献中移除,请先将所选论文从入口文献中移除,
inline_ternary,app/frontend/src/pages/WorkflowWorkspace.tsx:2481:inline_ternary:1,translated,app/frontend/src/pages/WorkflowWorkspace.tsx,2481,移动到 Entry Papers 失败,移动到入口文献失败,移动到入口文献失败,
inline_tr,app/frontend/src/pages/WorkflowWorkspace.tsx:2530:inline_tr:1,translated,app/frontend/src/pages/WorkflowWorkspace.tsx,2530,Keywords,关键词,关键词,
inline_tr,app/frontend/src/pages/WorkflowWorkspace.tsx:2536:inline_tr:1,translated,app/frontend/src/pages/WorkflowWorkspace.tsx,2536,Search Log,检索日志,检索日志,
inline_tr,app/frontend/src/pages/WorkflowWorkspace.tsx:2542:inline_tr:1,translated,app/frontend/src/pages/WorkflowWorkspace.tsx,2542,Candidate Papers,候选论文,候选论文,
inline_ternary,app/frontend/src/pages/WorkflowWorkspace.tsx:2550:inline_ternary:1,translated,app/frontend/src/pages/WorkflowWorkspace.tsx,2550,请先在 Step 1 创建至少一个 Purpose Card，之后才能新增并关联 keyword。,请先在步骤1创建至少一个目的卡片，之后才能新增并关联关键词。,请先在步骤1创建至少一个目的卡片，之后才能新增并关联关键词。,
inline_tr,app/frontend/src/pages/WorkflowWorkspace.tsx:2555:inline_tr:1,translated,app/frontend/src/pages/WorkflowWorkspace.tsx,2555,Keyword Builder,关键词构建器,关键词构建器,
inline_tr,app/frontend/src/pages/WorkflowWorkspace.tsx:2563:inline_tr:1,translated,app/frontend/src/pages/WorkflowWorkspace.tsx,2563,Add a keyword...,添加一个关键词...,添加一个关键词...,
inline_ternary,app/frontend/src/pages/WorkflowWorkspace.tsx:2580:inline_ternary:1,translated,app/frontend/src/pages/WorkflowWorkspace.tsx,2580,Add,添加,添加,
inline_tr,app/frontend/src/pages/WorkflowWorkspace.tsx:2628:inline_tr:1,translated,app/frontend/src/pages/WorkflowWorkspace.tsx,2628,Read all others in My Artifacts / Keywords,在我的产件/关键词中阅读所有其他内容,在我的产件/关键词中阅读所有其他内容,
inline_ternary,app/frontend/src/pages/WorkflowWorkspace.tsx:2639:inline_ternary:1,translated,app/frontend/src/pages/WorkflowWorkspace.tsx,2639,请先在 Step 1 创建至少一个 Purpose Card，之后才能新增并关联 Search Log。,请先在步骤1创建至少一个目的卡片，之后才能新增并关联检索日志。,请先在步骤1创建至少一个目的卡片，之后才能新增并关联检索日志。,
inline_ternary,app/frontend/src/pages/WorkflowWorkspace.tsx:2645:inline_ternary:1,translated,app/frontend/src/pages/WorkflowWorkspace.tsx,2645,Search Logs,检索日志,检索日志,
inline_ternary,app/frontend/src/pages/WorkflowWorkspace.tsx:2654:inline_ternary:1,translated,app/frontend/src/pages/WorkflowWorkspace.tsx,2654,Advanced Form,高级表单,高级表单,
inline_ternary,app/frontend/src/pages/WorkflowWorkspace.tsx:2661:inline_ternary:1,translated,app/frontend/src/pages/WorkflowWorkspace.tsx,2661,Build Boolean Search String,构建布尔搜索字符串,构建布尔搜索字符串,
inline_ternary,app/frontend/src/pages/WorkflowWorkspace.tsx:2663:inline_ternary:1,translated,app/frontend/src/pages/WorkflowWorkspace.tsx,2663,Search keywords from My Artifacts / Keywords:,从我的产件/关键词中搜索关键词:,从我的产件/关键词中搜索关键词:,
inline_ternary,app/frontend/src/pages/WorkflowWorkspace.tsx:2667:inline_ternary:1,translated,app/frontend/src/pages/WorkflowWorkspace.tsx,2667,Search keywords...,构建布尔搜索字符串,构建布尔搜索字符串,
inline_ternary,app/frontend/src/pages/WorkflowWorkspace.tsx:2689:inline_ternary:1,translated,app/frontend/src/pages/WorkflowWorkspace.tsx,2689,No keyword selected yet,尚未选择关键词,尚未选择关键词,
inline_ternary,app/frontend/src/pages/WorkflowWorkspace.tsx:2698:inline_ternary:1,translated,app/frontend/src/pages/WorkflowWorkspace.tsx,2698,Select All,全选,全选,
inline_ternary,app/frontend/src/pages/WorkflowWorkspace.tsx:2705:inline_ternary:1,translated,app/frontend/src/pages/WorkflowWorkspace.tsx,2705,Unselect All,取消全选,取消全选,
inline_ternary,app/frontend/src/pages/WorkflowWorkspace.tsx:2708:inline_ternary:1,translated,app/frontend/src/pages/WorkflowWorkspace.tsx,2708,Matched keywords:,匹配的关键词:,匹配的关键词:,
inline_ternary,app/frontend/src/pages/WorkflowWorkspace.tsx:2710:inline_ternary:1,translated,app/frontend/src/pages/WorkflowWorkspace.tsx,2710,shown,条,条,
inline_ternary,app/frontend/src/pages/WorkflowWorkspace.tsx:2738:inline_ternary:1,translated,app/frontend/src/pages/WorkflowWorkspace.tsx,2738,Showing first 20 matches. Refine your query for more precise keywords.,仅显示前20个匹配项。请细化查询以获得更精确的关键词。,仅显示前20个匹配项。请细化查询以获得更精确的关键词。,
inline_ternary,app/frontend/src/pages/WorkflowWorkspace.tsx:2743:inline_ternary:1,translated,app/frontend/src/pages/WorkflowWorkspace.tsx,2743,Boolean connectors:,布尔连接符:,布尔连接符:,
inline_ternary,app/frontend/src/pages/WorkflowWorkspace.tsx:2766:inline_ternary:1,translated,app/frontend/src/pages/WorkflowWorkspace.tsx,2766,Build Query,生成查询,生成查询,
inline_ternary,app/frontend/src/pages/WorkflowWorkspace.tsx:2771:inline_ternary:1,translated,app/frontend/src/pages/WorkflowWorkspace.tsx,2771,Boolean Search String,布尔搜索字符串,布尔搜索字符串,
inline_ternary,app/frontend/src/pages/WorkflowWorkspace.tsx:2776:inline_ternary:1,translated,app/frontend/src/pages/WorkflowWorkspace.tsx,2776,"e.g., ""AI tutoring"" AND ""self-regulated learning"" NOT ""K-12""",例如，“AI辅导” AND “自我调节学习” NOT “K-12”,例如，“AI辅导” AND “自我调节学习” NOT “K-12”,
inline_ternary,app/frontend/src/pages/WorkflowWorkspace.tsx:2796:inline_ternary:1,translated,app/frontend/src/pages/WorkflowWorkspace.tsx,2796,Academic Database,学术数据库,学术数据库,
inline_ternary,app/frontend/src/pages/WorkflowWorkspace.tsx:2811:inline_ternary:1,translated,app/frontend/src/pages/WorkflowWorkspace.tsx,2811,Enter database name...,输入数据库名称...,输入数据库名称...,
inline_ternary,app/frontend/src/pages/WorkflowWorkspace.tsx:2818:inline_ternary:1,translated,app/frontend/src/pages/WorkflowWorkspace.tsx,2818,Total Results,总结果,总结果,
inline_ternary,app/frontend/src/pages/WorkflowWorkspace.tsx:2827:inline_ternary:1,translated,app/frontend/src/pages/WorkflowWorkspace.tsx,2827,Relevant,相关,相关,
inline_ternary,app/frontend/src/pages/WorkflowWorkspace.tsx:2839:inline_ternary:1,translated,app/frontend/src/pages/WorkflowWorkspace.tsx,2839,Associated Purpose Card,相关目的卡片,相关目的卡片,
inline_ternary,app/frontend/src/pages/WorkflowWorkspace.tsx:2845:inline_ternary:1,translated,app/frontend/src/pages/WorkflowWorkspace.tsx,2845,Select a purpose card...,选择一个目的卡片...,选择一个目的卡片...,
inline_ternary,app/frontend/src/pages/WorkflowWorkspace.tsx:2848:inline_ternary:1,translated,app/frontend/src/pages/WorkflowWorkspace.tsx,2848,Select...,选择...,选择...,
inline_ternary,app/frontend/src/pages/WorkflowWorkspace.tsx:2863:inline_ternary:1,translated,app/frontend/src/pages/WorkflowWorkspace.tsx,2863,Save Search Log,保存检索日志,保存检索日志,
inline_ternary,app/frontend/src/pages/WorkflowWorkspace.tsx:2870:inline_ternary:1,translated,app/frontend/src/pages/WorkflowWorkspace.tsx,2870,Save + Pull Top 10,保存并拉取前10项,保存并拉取前10项,
inline_ternary,app/frontend/src/pages/WorkflowWorkspace.tsx:2876:inline_ternary:1,translated,app/frontend/src/pages/WorkflowWorkspace.tsx,2876,"正在 pulling """,正在拉取“,正在拉取“,
inline_ternary,app/frontend/src/pages/WorkflowWorkspace.tsx:2917:inline_ternary:1,translated,app/frontend/src/pages/WorkflowWorkspace.tsx,2917,Purpose:,目的：,目的：,
inline_ternary,app/frontend/src/pages/WorkflowWorkspace.tsx:2924:inline_ternary:1,translated,app/frontend/src/pages/WorkflowWorkspace.tsx,2924,results,条结果,条结果,
inline_ternary,app/frontend/src/pages/WorkflowWorkspace.tsx:2925:inline_ternary:1,translated,app/frontend/src/pages/WorkflowWorkspace.tsx,2925,relevant,篇相关文献,篇相关文献,
inline_ternary,app/frontend/src/pages/WorkflowWorkspace.tsx:2959:inline_ternary:1,translated,app/frontend/src/pages/WorkflowWorkspace.tsx,2959,Refresh +10,拉取新的10项,拉取新的10项,
inline_ternary,app/frontend/src/pages/WorkflowWorkspace.tsx:2967:inline_ternary:1,translated,app/frontend/src/pages/WorkflowWorkspace.tsx,2967,Open in,前往,前往,
inline_ternary,app/frontend/src/pages/WorkflowWorkspace.tsx:2977:inline_ternary:1,translated,app/frontend/src/pages/WorkflowWorkspace.tsx,2977,Edit,编辑,编辑,
inline_ternary,app/frontend/src/pages/WorkflowWorkspace.tsx:2987:inline_ternary:1,translated,app/frontend/src/pages/WorkflowWorkspace.tsx,2987,Delete,编辑,编辑,
inline_ternary,app/frontend/src/pages/WorkflowWorkspace.tsx:3003:inline_ternary:1,translated,app/frontend/src/pages/WorkflowWorkspace.tsx,3003,Candidate Papers (,候选论文（,候选论文（,
inline_ternary,app/frontend/src/pages/WorkflowWorkspace.tsx:3012:inline_ternary:1,translated,app/frontend/src/pages/WorkflowWorkspace.tsx,3012,Choose a search log or random pull,选择检索日志或随机抽取,选择检索日志或随机抽取,
inline_ternary,app/frontend/src/pages/WorkflowWorkspace.tsx:3015:inline_ternary:1,translated,app/frontend/src/pages/WorkflowWorkspace.tsx,3015,Refresh +10,拉取新的10项,拉取新的10项,
inline_ternary,app/frontend/src/pages/WorkflowWorkspace.tsx:3021:inline_ternary:1,translated,app/frontend/src/pages/WorkflowWorkspace.tsx,3021,Sort by,排序方式,排序方式,
inline_ternary,app/frontend/src/pages/WorkflowWorkspace.tsx:3024:inline_ternary:1,translated,app/frontend/src/pages/WorkflowWorkspace.tsx,3024,Sort: Title,按标题排序,按标题排序,
inline_ternary,app/frontend/src/pages/WorkflowWorkspace.tsx:3025:inline_ternary:1,translated,app/frontend/src/pages/WorkflowWorkspace.tsx,3025,Sort: Year,拉取新的10项,拉取新的10项,
inline_ternary,app/frontend/src/pages/WorkflowWorkspace.tsx:3026:inline_ternary:1,translated,app/frontend/src/pages/WorkflowWorkspace.tsx,3026,Sort: Type,按类型排序,按类型排序,
inline_ternary,app/frontend/src/pages/WorkflowWorkspace.tsx:3027:inline_ternary:1,translated,app/frontend/src/pages/WorkflowWorkspace.tsx,3027,Sort: Relevance,排序：相关性,排序：相关性,
inline_ternary,app/frontend/src/pages/WorkflowWorkspace.tsx:3035:inline_ternary:1,translated,app/frontend/src/pages/WorkflowWorkspace.tsx,3035,Toggle sort order,按年份排序,按年份排序,
inline_ternary,app/frontend/src/pages/WorkflowWorkspace.tsx:3048:inline_ternary:1,translated,app/frontend/src/pages/WorkflowWorkspace.tsx,3048,Add Paper,添加论文,添加论文,
inline_ternary,app/frontend/src/pages/WorkflowWorkspace.tsx:3057:inline_ternary:1,translated,app/frontend/src/pages/WorkflowWorkspace.tsx,3057,Add One,添加一篇,添加一篇,
inline_ternary,app/frontend/src/pages/WorkflowWorkspace.tsx:3063:inline_ternary:1,translated,app/frontend/src/pages/WorkflowWorkspace.tsx,3063,Add Multiple,添加多篇,添加多篇,
inline_ternary,app/frontend/src/pages/WorkflowWorkspace.tsx:3099:inline_ternary:1,translated,app/frontend/src/pages/WorkflowWorkspace.tsx,3099,To Entry,加为入口文献,加为入口文献,
inline_ternary,app/frontend/src/pages/WorkflowWorkspace.tsx:3113:inline_ternary:1,translated,app/frontend/src/pages/WorkflowWorkspace.tsx,3113,Delete,删除,删除,
inline_ternary,app/frontend/src/pages/WorkflowWorkspace.tsx:3121:inline_ternary:1,translated,app/frontend/src/pages/WorkflowWorkspace.tsx,3121,Clear,清除,清除,
inline_ternary,app/frontend/src/pages/WorkflowWorkspace.tsx:3158:inline_ternary:1,translated,app/frontend/src/pages/WorkflowWorkspace.tsx,3158,Entry Paper,入口文献,入口文献,
inline_ternary,app/frontend/src/pages/WorkflowWorkspace.tsx:3173:inline_ternary:1,translated,app/frontend/src/pages/WorkflowWorkspace.tsx,3173,relevance,相关性,相关性,
inline_tr,app/frontend/src/pages/WorkflowWorkspace.tsx:3186:inline_tr:1,translated,app/frontend/src/pages/WorkflowWorkspace.tsx,3186,via,通过,通过,
inline_tr,app/frontend/src/pages/WorkflowWorkspace.tsx:3202:inline_tr:1,translated,app/frontend/src/pages/WorkflowWorkspace.tsx,3202,Source URL,来源网址,来源网址,
inline_tr,app/frontend/src/pages/WorkflowWorkspace.tsx:3228:inline_tr:1,translated,app/frontend/src/pages/WorkflowWorkspace.tsx,3228,Edit,编辑,编辑,
inline_tr,app/frontend/src/pages/WorkflowWorkspace.tsx:3243:inline_tr:1,translated,app/frontend/src/pages/WorkflowWorkspace.tsx,3243,Delete,删除,删除,
inline_tr,app/frontend/src/pages/WorkflowWorkspace.tsx:3255:inline_tr:1,translated,app/frontend/src/pages/WorkflowWorkspace.tsx,3255,Mark Relevant,标记为相关,标记为相关,
inline_tr,app/frontend/src/pages/WorkflowWorkspace.tsx:3270:inline_tr:1,translated,app/frontend/src/pages/WorkflowWorkspace.tsx,3270,Entry Paper,入口文献,入口文献,
inline_tr,app/frontend/src/pages/WorkflowWorkspace.tsx:3275:inline_tr:1,translated,app/frontend/src/pages/WorkflowWorkspace.tsx,3275,To Entry,加为入口文献,加为入口文献,
inline_tr,app/frontend/src/pages/WorkflowWorkspace.tsx:3301:inline_tr:1,translated,app/frontend/src/pages/WorkflowWorkspace.tsx,3301,Add a new keyword,添加新关键词,添加新关键词,
inline_tr,app/frontend/src/pages/WorkflowWorkspace.tsx:3306:inline_tr:1,translated,app/frontend/src/pages/WorkflowWorkspace.tsx,3306,Concept Name,概念名称,概念名称,
inline_tr,app/frontend/src/pages/WorkflowWorkspace.tsx:3311:inline_tr:1,translated,app/frontend/src/pages/WorkflowWorkspace.tsx,3311,Enter concept name...,添加新关键词,输入概念名称...,
inline_tr,app/frontend/src/pages/WorkflowWorkspace.tsx:3323:inline_tr:1,translated,app/frontend/src/pages/WorkflowWorkspace.tsx,3323,Description,描述,描述,
inline_tr,app/frontend/src/pages/WorkflowWorkspace.tsx:3327:inline_tr:1,translated,app/frontend/src/pages/WorkflowWorkspace.tsx,3327,"What does this concept mean in your research context? Add details, definitions, or notes...",在你的研究背景下，这个概念是什么意思？添加细节、定义或注释...,在你的研究背景下，这个概念是什么意思？添加细节、定义或注释...,
inline_tr,app/frontend/src/pages/WorkflowWorkspace.tsx:3335:inline_tr:1,translated,app/frontend/src/pages/WorkflowWorkspace.tsx,3335,Category,类别,类别,
inline_tr,app/frontend/src/pages/WorkflowWorkspace.tsx:3341:inline_tr:1,translated,app/frontend/src/pages/WorkflowWorkspace.tsx,3341,Concept,概念,概念,
inline_tr,app/frontend/src/pages/WorkflowWorkspace.tsx:3342:inline_tr:1,translated,app/frontend/src/pages/WorkflowWorkspace.tsx,3342,Construct,构念,概念,
inline_tr,app/frontend/src/pages/WorkflowWorkspace.tsx:3343:inline_tr:1,translated,app/frontend/src/pages/WorkflowWorkspace.tsx,3343,Theory,理论,构念,
inline_tr,app/frontend/src/pages/WorkflowWorkspace.tsx:3344:inline_tr:1,translated,app/frontend/src/pages/WorkflowWorkspace.tsx,3344,Framework,框架,理论,
inline_tr,app/frontend/src/pages/WorkflowWorkspace.tsx:3345:inline_tr:1,translated,app/frontend/src/pages/WorkflowWorkspace.tsx,3345,Method,类别,框架,
inline_tr,app/frontend/src/pages/WorkflowWorkspace.tsx:3346:inline_tr:1,translated,app/frontend/src/pages/WorkflowWorkspace.tsx,3346,Variable,变量,类别,
inline_tr,app/frontend/src/pages/WorkflowWorkspace.tsx:3347:inline_tr:1,translated,app/frontend/src/pages/WorkflowWorkspace.tsx,3347,Other,其他,变量,
inline_tr,app/frontend/src/pages/WorkflowWorkspace.tsx:3352:inline_tr:1,translated,app/frontend/src/pages/WorkflowWorkspace.tsx,3352,Color,构念,颜色,
inline_tr,app/frontend/src/pages/WorkflowWorkspace.tsx:3374:inline_tr:1,translated,app/frontend/src/pages/WorkflowWorkspace.tsx,3374,Associate to Purpose Card,关联到目的卡片片,关联到目的卡片片,
inline_tr,app/frontend/src/pages/WorkflowWorkspace.tsx:3380:inline_tr:1,translated,app/frontend/src/pages/WorkflowWorkspace.tsx,3380,Select a purpose card...,选择一个目的卡片...,选择一个目的卡片...,
inline_tr,app/frontend/src/pages/WorkflowWorkspace.tsx:3383:inline_tr:1,translated,app/frontend/src/pages/WorkflowWorkspace.tsx,3383,Select...,选择...,选择...,
inline_tr,app/frontend/src/pages/WorkflowWorkspace.tsx:3393:inline_tr:1,translated,app/frontend/src/pages/WorkflowWorkspace.tsx,3393,Preview,选择...,预览,
inline_tr,app/frontend/src/pages/WorkflowWorkspace.tsx:3412:inline_tr:1,translated,app/frontend/src/pages/WorkflowWorkspace.tsx,3412,Add Concept,添加概念,添加概念,
inline_tr,app/frontend/src/pages/WorkflowWorkspace.tsx:3426:inline_tr:1,translated,app/frontend/src/pages/WorkflowWorkspace.tsx,3426,Cancel,取消,取消,
inline_tr,app/frontend/src/pages/WorkflowWorkspace.tsx:3438:inline_tr:1,translated,app/frontend/src/pages/WorkflowWorkspace.tsx,3438,Edit Candidate Paper,编辑候选论文,编辑候选论文,
inline_ternary,app/frontend/src/pages/WorkflowWorkspace.tsx:3441:inline_ternary:1,translated,app/frontend/src/pages/WorkflowWorkspace.tsx,3441,Paper title,论文标题,论文标题,
inline_ternary,app/frontend/src/pages/WorkflowWorkspace.tsx:3442:inline_ternary:1,translated,app/frontend/src/pages/WorkflowWorkspace.tsx,3442,Authors (comma separated),作者（逗号分隔）,论文标题,
inline_ternary,app/frontend/src/pages/WorkflowWorkspace.tsx:3444:inline_ternary:1,translated,app/frontend/src/pages/WorkflowWorkspace.tsx,3444,Year,年份,年份,
inline_ternary,app/frontend/src/pages/WorkflowWorkspace.tsx:3445:inline_ternary:1,translated,app/frontend/src/pages/WorkflowWorkspace.tsx,3445,Journal,期刊,年份,
inline_tr,app/frontend/src/pages/WorkflowWorkspace.tsx:3457:inline_tr:1,translated,app/frontend/src/pages/WorkflowWorkspace.tsx,3457,Discovery note,发现笔记,发现笔记,
inline_tr,app/frontend/src/pages/WorkflowWorkspace.tsx:3459:inline_tr:1,translated,app/frontend/src/pages/WorkflowWorkspace.tsx,3459,Cancel,取消,取消,
inline_tr,app/frontend/src/pages/WorkflowWorkspace.tsx:3460:inline_tr:1,translated,app/frontend/src/pages/WorkflowWorkspace.tsx,3460,Save Changes,保存更改,取消,
inline_tr,app/frontend/src/pages/WorkflowWorkspace.tsx:3469:inline_tr:1,translated,app/frontend/src/pages/WorkflowWorkspace.tsx,3469,Add Search Record,发现笔记,添加搜索记录,
inline_tr,app/frontend/src/pages/WorkflowWorkspace.tsx:3474:inline_tr:1,translated,app/frontend/src/pages/WorkflowWorkspace.tsx,3474,Keywords / Concepts,关键词/概念,关键词/概念,
inline_tr,app/frontend/src/pages/WorkflowWorkspace.tsx:3481:inline_tr:1,translated,app/frontend/src/pages/WorkflowWorkspace.tsx,3481,Select All,全选,全选,
inline_ternary,app/frontend/src/pages/WorkflowWorkspace.tsx:3489:inline_ternary:1,translated,app/frontend/src/pages/WorkflowWorkspace.tsx,3489,Unselect All,取消全选,取消全选,
inline_ternary,app/frontend/src/pages/WorkflowWorkspace.tsx:3544:inline_ternary:1,translated,app/frontend/src/pages/WorkflowWorkspace.tsx,3544,Selected:,已选择：,已选择：,
inline_ternary,app/frontend/src/pages/WorkflowWorkspace.tsx:3564:inline_ternary:1,translated,app/frontend/src/pages/WorkflowWorkspace.tsx,3564,Associated Purpose Card (optional),关联目的卡片（可选）,关联目的卡片（可选）,
inline_ternary,app/frontend/src/pages/WorkflowWorkspace.tsx:3570:inline_ternary:1,translated,app/frontend/src/pages/WorkflowWorkspace.tsx,3570,Select a purpose card...,选择一个目的卡片...,选择一个目的卡片...,
inline_ternary,app/frontend/src/pages/WorkflowWorkspace.tsx:3573:inline_ternary:1,translated,app/frontend/src/pages/WorkflowWorkspace.tsx,3573,None,无,无,
inline_ternary,app/frontend/src/pages/WorkflowWorkspace.tsx:3584:inline_ternary:1,translated,app/frontend/src/pages/WorkflowWorkspace.tsx,3584,Academic Database,学术数据库,学术数据库,
inline_ternary,app/frontend/src/pages/WorkflowWorkspace.tsx:3611:inline_ternary:1,translated,app/frontend/src/pages/WorkflowWorkspace.tsx,3611,Enter database name...,输入数据库名称...,输入数据库名称...,
inline_ternary,app/frontend/src/pages/WorkflowWorkspace.tsx:3620:inline_ternary:1,translated,app/frontend/src/pages/WorkflowWorkspace.tsx,3620,Boolean Search String,布尔搜索字符串,布尔搜索字符串,
inline_ternary,app/frontend/src/pages/WorkflowWorkspace.tsx:3626:inline_ternary:1,translated,app/frontend/src/pages/WorkflowWorkspace.tsx,3626,"e.g., ""AI tutoring"" AND ""self-regulated learning"" AND ""higher education""",例如，“AI辅导”和“自我调节学习”和“高等教育”,例如，“AI辅导”和“自我调节学习”和“高等教育”,
inline_ternary,app/frontend/src/pages/WorkflowWorkspace.tsx:3634:inline_ternary:1,translated,app/frontend/src/pages/WorkflowWorkspace.tsx,3634,Total Results,总结果,总结果,
inline_ternary,app/frontend/src/pages/WorkflowWorkspace.tsx:3639:inline_ternary:1,translated,app/frontend/src/pages/WorkflowWorkspace.tsx,3639,"e.g., 234",例如，234,例如，234,
inline_ternary,app/frontend/src/pages/WorkflowWorkspace.tsx:3644:inline_ternary:1,translated,app/frontend/src/pages/WorkflowWorkspace.tsx,3644,Relevant Results,相关结果,相关结果,
inline_ternary,app/frontend/src/pages/WorkflowWorkspace.tsx:3649:inline_ternary:1,translated,app/frontend/src/pages/WorkflowWorkspace.tsx,3649,"e.g., 18",例如，18,例如，18,
inline_ternary,app/frontend/src/pages/WorkflowWorkspace.tsx:3661:inline_ternary:1,translated,app/frontend/src/pages/WorkflowWorkspace.tsx,3661,Save Search Record,保存检索记录,保存检索记录,
inline_ternary,app/frontend/src/pages/WorkflowWorkspace.tsx:3667:inline_ternary:1,translated,app/frontend/src/pages/WorkflowWorkspace.tsx,3667,Cancel,取消,取消,
inline_ternary,app/frontend/src/pages/WorkflowWorkspace.tsx:3678:inline_ternary:1,translated,app/frontend/src/pages/WorkflowWorkspace.tsx,3678,Edit Search Record,取消,编辑搜索记录,
inline_ternary,app/frontend/src/pages/WorkflowWorkspace.tsx:3682:inline_ternary:1,translated,app/frontend/src/pages/WorkflowWorkspace.tsx,3682,Academic Database,学术数据库,学术数据库,
inline_ternary,app/frontend/src/pages/WorkflowWorkspace.tsx:3709:inline_ternary:1,translated,app/frontend/src/pages/WorkflowWorkspace.tsx,3709,Enter database name...,输入数据库名称...,输入数据库名称...,
inline_ternary,app/frontend/src/pages/WorkflowWorkspace.tsx:3716:inline_ternary:1,translated,app/frontend/src/pages/WorkflowWorkspace.tsx,3716,Boolean Search String,布尔搜索字符串,布尔搜索字符串,
inline_ternary,app/frontend/src/pages/WorkflowWorkspace.tsx:3727:inline_ternary:1,translated,app/frontend/src/pages/WorkflowWorkspace.tsx,3727,Total Results,布尔搜索字符串,总结果,
inline_ternary,app/frontend/src/pages/WorkflowWorkspace.tsx:3736:inline_ternary:1,translated,app/frontend/src/pages/WorkflowWorkspace.tsx,3736,Relevant Results,相关结果,相关结果,
inline_ternary,app/frontend/src/pages/WorkflowWorkspace.tsx:3747:inline_ternary:1,translated,app/frontend/src/pages/WorkflowWorkspace.tsx,3747,Associated Purpose Card (optional),相关结果,关联目的卡片（可选）,
inline_ternary,app/frontend/src/pages/WorkflowWorkspace.tsx:3753:inline_ternary:1,translated,app/frontend/src/pages/WorkflowWorkspace.tsx,3753,Select a purpose card...,选择一个目的卡片...,选择一个目的卡片...,
inline_ternary,app/frontend/src/pages/WorkflowWorkspace.tsx:3756:inline_ternary:1,translated,app/frontend/src/pages/WorkflowWorkspace.tsx,3756,None,无,无,
inline_ternary,app/frontend/src/pages/WorkflowWorkspace.tsx:3762:inline_ternary:1,translated,app/frontend/src/pages/WorkflowWorkspace.tsx,3762,No purpose cards yet,尚无目的卡片,尚无目的卡片,
inline_ternary,app/frontend/src/pages/WorkflowWorkspace.tsx:3774:inline_ternary:1,translated,app/frontend/src/pages/WorkflowWorkspace.tsx,3774,Save Changes,保存更改,保存更改,
inline_ternary,app/frontend/src/pages/WorkflowWorkspace.tsx:3783:inline_ternary:1,translated,app/frontend/src/pages/WorkflowWorkspace.tsx,3783,Cancel,取消,取消,
inline_ternary,app/frontend/src/pages/WorkflowWorkspace.tsx:3795:inline_ternary:1,translated,app/frontend/src/pages/WorkflowWorkspace.tsx,3795,Mark Relevance Level,标记相关性级别,标记相关性级别,
inline_ternary,app/frontend/src/pages/WorkflowWorkspace.tsx:3799:inline_ternary:1,translated,app/frontend/src/pages/WorkflowWorkspace.tsx,3799,Select the relevance level for this paper:,为这篇论文选择相关性等级：,为这篇论文选择相关性等级：,
inline_ternary,app/frontend/src/pages/WorkflowWorkspace.tsx:3834:inline_ternary:1,translated,app/frontend/src/pages/WorkflowWorkspace.tsx,3834,Refresh +10 Candidate Papers,刷新并新增10篇候选论文,刷新并新增10篇候选论文,
inline_ternary,app/frontend/src/pages/WorkflowWorkspace.tsx:3838:inline_ternary:1,translated,app/frontend/src/pages/WorkflowWorkspace.tsx,3838,请选择一个 Search Log 拉取下一批，或随机使用已有 Search Log。,请选择一个检索日志来拉取下一批，或随机使用已有检索日志。,请选择一个检索日志来拉取下一批，或随机使用已有检索日志。,
inline_ternary,app/frontend/src/pages/WorkflowWorkspace.tsx:3850:inline_ternary:1,translated,app/frontend/src/pages/WorkflowWorkspace.tsx,3850,Use Selected Log,使用所选检索日志,使用所选检索日志,
inline_ternary,app/frontend/src/pages/WorkflowWorkspace.tsx:3860:inline_ternary:1,translated,app/frontend/src/pages/WorkflowWorkspace.tsx,3860,Random,随机,随机,
inline_ternary,app/frontend/src/pages/WorkflowWorkspace.tsx:3865:inline_ternary:1,translated,app/frontend/src/pages/WorkflowWorkspace.tsx,3865,Search Log,检索日志,检索日志,
inline_ternary,app/frontend/src/pages/WorkflowWorkspace.tsx:3868:inline_ternary:1,translated,app/frontend/src/pages/WorkflowWorkspace.tsx,3868,Choose search log,选择检索日志,选择检索日志,
inline_ternary,app/frontend/src/pages/WorkflowWorkspace.tsx:3888:inline_ternary:1,translated,app/frontend/src/pages/WorkflowWorkspace.tsx,3888,Cancel,取消,取消,
inline_ternary,app/frontend/src/pages/WorkflowWorkspace.tsx:3895:inline_ternary:1,translated,app/frontend/src/pages/WorkflowWorkspace.tsx,3895,Pull +10,拉取10篇,拉取10篇,
inline_ternary,app/frontend/src/pages/WorkflowWorkspace.tsx:3907:inline_ternary:1,translated,app/frontend/src/pages/WorkflowWorkspace.tsx,3907,Concept Details,概念详情,概念详情,
inline_ternary,app/frontend/src/pages/WorkflowWorkspace.tsx:3912:inline_ternary:1,translated,app/frontend/src/pages/WorkflowWorkspace.tsx,3912,Concept Name,概念名称,概念名称,
inline_ternary,app/frontend/src/pages/WorkflowWorkspace.tsx:3920:inline_ternary:1,translated,app/frontend/src/pages/WorkflowWorkspace.tsx,3920,Description,描述,描述,
inline_ternary,app/frontend/src/pages/WorkflowWorkspace.tsx:3930:inline_ternary:1,translated,app/frontend/src/pages/WorkflowWorkspace.tsx,3930,Category,类别,类别,
inline_ternary,app/frontend/src/pages/WorkflowWorkspace.tsx:3939:inline_ternary:1,translated,app/frontend/src/pages/WorkflowWorkspace.tsx,3939,Concept,概念,概念,
inline_ternary,app/frontend/src/pages/WorkflowWorkspace.tsx:3940:inline_ternary:1,translated,app/frontend/src/pages/WorkflowWorkspace.tsx,3940,Construct,构念,构念,
inline_ternary,app/frontend/src/pages/WorkflowWorkspace.tsx:3941:inline_ternary:1,translated,app/frontend/src/pages/WorkflowWorkspace.tsx,3941,Theory,类别,理论,
inline_ternary,app/frontend/src/pages/WorkflowWorkspace.tsx:3942:inline_ternary:1,translated,app/frontend/src/pages/WorkflowWorkspace.tsx,3942,Framework,框架,框架,
inline_ternary,app/frontend/src/pages/WorkflowWorkspace.tsx:3943:inline_ternary:1,translated,app/frontend/src/pages/WorkflowWorkspace.tsx,3943,Method,方法,方法,
inline_ternary,app/frontend/src/pages/WorkflowWorkspace.tsx:3944:inline_ternary:1,translated,app/frontend/src/pages/WorkflowWorkspace.tsx,3944,Variable,变量,变量,
inline_ternary,app/frontend/src/pages/WorkflowWorkspace.tsx:3945:inline_ternary:1,translated,app/frontend/src/pages/WorkflowWorkspace.tsx,3945,Other,其他,其他,
inline_ternary,app/frontend/src/pages/WorkflowWorkspace.tsx:3950:inline_ternary:1,translated,app/frontend/src/pages/WorkflowWorkspace.tsx,3950,Color,概念,方法,
inline_ternary,app/frontend/src/pages/WorkflowWorkspace.tsx:3975:inline_ternary:1,translated,app/frontend/src/pages/WorkflowWorkspace.tsx,3975,Save,保存,保存,
inline_ternary,app/frontend/src/pages/WorkflowWorkspace.tsx:3984:inline_ternary:1,translated,app/frontend/src/pages/WorkflowWorkspace.tsx,3984,Close,关闭,关闭,
inline_ternary,app/frontend/src/pages/WorkflowWorkspace.tsx:3999:inline_ternary:1,translated,app/frontend/src/pages/WorkflowWorkspace.tsx,3999,Add Candidate Paper,添加候选论文,添加候选论文,
inline_ternary,app/frontend/src/pages/WorkflowWorkspace.tsx:4004:inline_ternary:1,translated,app/frontend/src/pages/WorkflowWorkspace.tsx,4004,通过 DOI 或 URL 自动提取信息,通过DOI或URL自动提取信息,通过DOI或URL自动提取信息,
inline_ternary,app/frontend/src/pages/WorkflowWorkspace.tsx:4034:inline_ternary:1,translated,app/frontend/src/pages/WorkflowWorkspace.tsx,4034,来自 Search Log（可选）,来自检索日志（可选）,来自检索日志（可选）,
inline_ternary,app/frontend/src/pages/WorkflowWorkspace.tsx:4047:inline_ternary:1,translated,app/frontend/src/pages/WorkflowWorkspace.tsx,4047,选择对应的 Search Record...,选择对应的检索记录...,选择对应的检索记录...,
inline_ternary,app/frontend/src/pages/WorkflowWorkspace.tsx:4050:inline_ternary:1,translated,app/frontend/src/pages/WorkflowWorkspace.tsx,4050,— 不关联 Search Record —,— 不关联检索记录 —,— 不关联检索记录 —,
inline_ternary,app/frontend/src/pages/WorkflowWorkspace.tsx:4054:inline_ternary:1,translated,app/frontend/src/pages/WorkflowWorkspace.tsx,4054,results,条结果,选择对应的检索记录...,
inline_ternary,app/frontend/src/pages/WorkflowWorkspace.tsx:4071:inline_ternary:1,translated,app/frontend/src/pages/WorkflowWorkspace.tsx,4071,Title *,标题 *,标题 *,
inline_ternary,app/frontend/src/pages/WorkflowWorkspace.tsx:4075:inline_ternary:1,translated,app/frontend/src/pages/WorkflowWorkspace.tsx,4075,Paper title...,论文标题...,论文标题...,
inline_ternary,app/frontend/src/pages/WorkflowWorkspace.tsx:4080:inline_ternary:1,translated,app/frontend/src/pages/WorkflowWorkspace.tsx,4080,Authors (comma-separated),作者（逗号分隔）,作者（逗号分隔）,
inline_ternary,app/frontend/src/pages/WorkflowWorkspace.tsx:4084:inline_ternary:1,translated,app/frontend/src/pages/WorkflowWorkspace.tsx,4084,"Author 1, Author 2...","作者1, 作者2...","作者1, 作者2...",
inline_ternary,app/frontend/src/pages/WorkflowWorkspace.tsx:4090:inline_ternary:1,translated,app/frontend/src/pages/WorkflowWorkspace.tsx,4090,Year,年份,年份,
inline_ternary,app/frontend/src/pages/WorkflowWorkspace.tsx:4100:inline_ternary:1,translated,app/frontend/src/pages/WorkflowWorkspace.tsx,4100,Journal,期刊,期刊,
inline_ternary,app/frontend/src/pages/WorkflowWorkspace.tsx:4104:inline_ternary:1,translated,app/frontend/src/pages/WorkflowWorkspace.tsx,4104,Journal name...,期刊名称...,期刊名称...,
inline_tr,app/frontend/src/pages/WorkflowWorkspace.tsx:4110:inline_tr:1,translated,app/frontend/src/pages/WorkflowWorkspace.tsx,4110,Discovery Path,发现路径,发现路径,
inline_tr,app/frontend/src/pages/WorkflowWorkspace.tsx:4135:inline_tr:1,translated,app/frontend/src/pages/WorkflowWorkspace.tsx,4135,Discovery Note,发现笔记,发现笔记,
inline_tr,app/frontend/src/pages/WorkflowWorkspace.tsx:4140:inline_tr:1,translated,app/frontend/src/pages/WorkflowWorkspace.tsx,4140,How did you find this paper? Any additional details...,你是如何找到这篇论文的？任何额外的细节...,你是如何找到这篇论文的？任何额外的细节...,
inline_tr,app/frontend/src/pages/WorkflowWorkspace.tsx:4150:inline_tr:1,translated,app/frontend/src/pages/WorkflowWorkspace.tsx,4150,Add Paper,添加论文,添加论文,
inline_tr,app/frontend/src/pages/WorkflowWorkspace.tsx:4157:inline_tr:1,translated,app/frontend/src/pages/WorkflowWorkspace.tsx,4157,Cancel,取消,添加论文,
inline_tr,app/frontend/src/pages/WorkflowWorkspace.tsx:4170:inline_tr:1,translated,app/frontend/src/pages/WorkflowWorkspace.tsx,4170,Add Multiple Candidate Papers,添加多个候选论文,添加多个候选论文,
inline_ternary,app/frontend/src/pages/WorkflowWorkspace.tsx:4175:inline_ternary:1,translated,app/frontend/src/pages/WorkflowWorkspace.tsx,4175,关联 Search Record（可选）,关联检索记录（可选）,关联检索记录（可选）,
inline_tr,app/frontend/src/pages/WorkflowWorkspace.tsx:4178:inline_tr:1,translated,app/frontend/src/pages/WorkflowWorkspace.tsx,4178,Select a related Search Record...,选择一个相关的搜索记录...,选择一个相关的搜索记录...,
inline_ternary,app/frontend/src/pages/WorkflowWorkspace.tsx:4181:inline_ternary:1,translated,app/frontend/src/pages/WorkflowWorkspace.tsx,4181,— 不关联 Search Record —,— 不关联检索记录 —,— 不关联检索记录 —,
inline_tr,app/frontend/src/pages/WorkflowWorkspace.tsx:4193:inline_tr:1,translated,app/frontend/src/pages/WorkflowWorkspace.tsx,4193,DOI links (one per line),DOI 链接（每行一个）,DOI 链接（每行一个）,
inline_tr,app/frontend/src/pages/WorkflowWorkspace.tsx:4210:inline_tr:1,translated,app/frontend/src/pages/WorkflowWorkspace.tsx,4210,Importing...,导入中...,导入中...,
inline_tr,app/frontend/src/pages/WorkflowWorkspace.tsx:4210:inline_tr:2,translated,app/frontend/src/pages/WorkflowWorkspace.tsx,4210,Import All,导入全部,导入全部,
inline_tr,app/frontend/src/pages/WorkflowWorkspace.tsx:4217:inline_tr:1,translated,app/frontend/src/pages/WorkflowWorkspace.tsx,4217,Cancel,取消,导入中...,
inline_tr,app/frontend/src/pages/WorkflowWorkspace.tsx:4230:inline_tr:1,translated,app/frontend/src/pages/WorkflowWorkspace.tsx,4230,Set Discovery Path,设置发现路径,设置发现路径,
inline_tr,app/frontend/src/pages/WorkflowWorkspace.tsx:4256:inline_tr:1,translated,app/frontend/src/pages/WorkflowWorkspace.tsx,4256,Note,笔记,笔记,
inline_tr,app/frontend/src/pages/WorkflowWorkspace.tsx:4261:inline_tr:1,translated,app/frontend/src/pages/WorkflowWorkspace.tsx,4261,Describe how you found this paper...,描述你是如何找到这篇论文的...,描述你是如何找到这篇论文的...,
inline_tr,app/frontend/src/pages/WorkflowWorkspace.tsx:4271:inline_tr:1,translated,app/frontend/src/pages/WorkflowWorkspace.tsx,4271,Save,保存,保存,
inline_tr,app/frontend/src/pages/WorkflowWorkspace.tsx:4281:inline_tr:1,translated,app/frontend/src/pages/WorkflowWorkspace.tsx,4281,Cancel,取消,取消,
inline_ternary,app/frontend/src/pages/WorkflowWorkspace.tsx:4305:inline_ternary:1,translated,app/frontend/src/pages/WorkflowWorkspace.tsx,4305,Add tag...,添加标签...,添加标签...,
inline_ternary,app/frontend/src/pages/WorkflowWorkspace.tsx:4565:inline_ternary:1,translated,app/frontend/src/pages/WorkflowWorkspace.tsx,4565,Entry Paper,入口文献,入口文献,
inline_ternary,app/frontend/src/pages/WorkflowWorkspace.tsx:4577:inline_ternary:1,translated,app/frontend/src/pages/WorkflowWorkspace.tsx,4577,Open PDF,打开 PDF,打开 PDF,
inline_ternary,app/frontend/src/pages/WorkflowWorkspace.tsx:4581:inline_ternary:1,translated,app/frontend/src/pages/WorkflowWorkspace.tsx,4581,Full View,完整视图,完整视图,
inline_ternary,app/frontend/src/pages/WorkflowWorkspace.tsx:4594:inline_ternary:1,translated,app/frontend/src/pages/WorkflowWorkspace.tsx,4594,Annotations & Highlights (,批注与高亮（,批注与高亮（,
inline_ternary,app/frontend/src/pages/WorkflowWorkspace.tsx:4617:inline_ternary:1,translated,app/frontend/src/pages/WorkflowWorkspace.tsx,4617,Add,添加,添加,
inline_ternary,app/frontend/src/pages/WorkflowWorkspace.tsx:4627:inline_ternary:1,translated,app/frontend/src/pages/WorkflowWorkspace.tsx,4627,Paste or type the highlighted text...,粘贴或输入高亮显示的文本...,粘贴或输入高亮显示的文本...,
inline_ternary,app/frontend/src/pages/WorkflowWorkspace.tsx:4633:inline_ternary:1,translated,app/frontend/src/pages/WorkflowWorkspace.tsx,4633,Your note about this highlight...,关于此高亮的笔记...,关于此高亮的笔记...,
inline_ternary,app/frontend/src/pages/WorkflowWorkspace.tsx:4640:inline_ternary:1,translated,app/frontend/src/pages/WorkflowWorkspace.tsx,4640,"Add tags (e.g., gap, method, key-finding)...",添加标签（例如，差距、方法、关键发现）...,添加标签（例如，差距、方法、关键发现）...,
inline_ternary,app/frontend/src/pages/WorkflowWorkspace.tsx:4643:inline_ternary:1,translated,app/frontend/src/pages/WorkflowWorkspace.tsx,4643,📎 Auto-citation:,📎 自动引用：,📎 自动引用：,
inline_ternary,app/frontend/src/pages/WorkflowWorkspace.tsx:4652:inline_ternary:1,translated,app/frontend/src/pages/WorkflowWorkspace.tsx,4652,Save Annotation,保存注释,保存注释,
inline_ternary,app/frontend/src/pages/WorkflowWorkspace.tsx:4664:inline_ternary:1,translated,app/frontend/src/pages/WorkflowWorkspace.tsx,4664,Cancel,取消,取消,
inline_ternary,app/frontend/src/pages/WorkflowWorkspace.tsx:4684:inline_ternary:1,translated,app/frontend/src/pages/WorkflowWorkspace.tsx,4684,&ldquo;,“,“,
inline_ternary,app/frontend/src/pages/WorkflowWorkspace.tsx:4684:inline_ternary:2,translated,app/frontend/src/pages/WorkflowWorkspace.tsx,4684,&rdquo;,”,”,
inline_tr,app/frontend/src/pages/WorkflowWorkspace.tsx:4710:inline_tr:1,translated,app/frontend/src/pages/WorkflowWorkspace.tsx,4710,Link to Original,链接到原文,链接到原文,
inline_tr,app/frontend/src/pages/WorkflowWorkspace.tsx:4724:inline_tr:1,translated,app/frontend/src/pages/WorkflowWorkspace.tsx,4724,Quoted ✓,已引用 ✓,已引用 ✓,
inline_tr,app/frontend/src/pages/WorkflowWorkspace.tsx:4725:inline_tr:1,translated,app/frontend/src/pages/WorkflowWorkspace.tsx,4725,Quote to Draft,引用到草稿,引用到草稿,
inline_tr,app/frontend/src/pages/WorkflowWorkspace.tsx:4732:inline_tr:1,translated,app/frontend/src/pages/WorkflowWorkspace.tsx,4732,No annotations yet. Start highlighting key passages.,尚未有注释。开始标记关键段落。,尚未有注释。开始标记关键段落。,
inline_ternary,app/frontend/src/pages/WorkflowWorkspace.tsx:4754:inline_ternary:1,translated,app/frontend/src/pages/WorkflowWorkspace.tsx,4754,Literature Notes (,文献笔记 (,文献笔记 (,
inline_ternary,app/frontend/src/pages/WorkflowWorkspace.tsx:4765:inline_ternary:1,translated,app/frontend/src/pages/WorkflowWorkspace.tsx,4765,Permanent Notes (,永久笔记 (,永久笔记 (,
inline_ternary,app/frontend/src/pages/WorkflowWorkspace.tsx:4778:inline_ternary:1,translated,app/frontend/src/pages/WorkflowWorkspace.tsx,4778,New Lit Note,新建文献笔记,新建文献笔记,
inline_ternary,app/frontend/src/pages/WorkflowWorkspace.tsx:4789:inline_ternary:1,translated,app/frontend/src/pages/WorkflowWorkspace.tsx,4789,New Perm Note,新建文献笔记,新建永久笔记,
inline_ternary,app/frontend/src/pages/WorkflowWorkspace.tsx:4816:inline_ternary:1,translated,app/frontend/src/pages/WorkflowWorkspace.tsx,4816,✦ New Note,✦ 新建笔记,✦ 新建笔记,
inline_ternary,app/frontend/src/pages/WorkflowWorkspace.tsx:4825:inline_ternary:1,translated,app/frontend/src/pages/WorkflowWorkspace.tsx,4825,"Note title (e.g., 'Key finding about SRL gap')",笔记标题（例如：'关于SRL差距的关键发现'）,笔记标题（例如：'关于SRL差距的关键发现'）,
inline_ternary,app/frontend/src/pages/WorkflowWorkspace.tsx:4832:inline_ternary:1,translated,app/frontend/src/pages/WorkflowWorkspace.tsx,4832,Write your literature note here...,在这里写你的文献笔记...,在这里写你的文献笔记...,
inline_ternary,app/frontend/src/pages/WorkflowWorkspace.tsx:4838:inline_ternary:1,translated,app/frontend/src/pages/WorkflowWorkspace.tsx,4838,"Add tags (e.g., gap, theory, method)...",添加标签（例如，间隙、理论、方法）...,添加标签（例如，间隙、理论、方法）...,
inline_ternary,app/frontend/src/pages/WorkflowWorkspace.tsx:4841:inline_ternary:1,translated,app/frontend/src/pages/WorkflowWorkspace.tsx,4841,📎 Auto-citation:,📎 自动引用：,📎 自动引用：,
inline_ternary,app/frontend/src/pages/WorkflowWorkspace.tsx:4850:inline_ternary:1,translated,app/frontend/src/pages/WorkflowWorkspace.tsx,4850,Save Literature Note,保存文献笔记,保存文献笔记,
inline_ternary,app/frontend/src/pages/WorkflowWorkspace.tsx:4862:inline_ternary:1,translated,app/frontend/src/pages/WorkflowWorkspace.tsx,4862,Cancel,取消,取消,
inline_ternary,app/frontend/src/pages/WorkflowWorkspace.tsx:4908:inline_ternary:1,translated,app/frontend/src/pages/WorkflowWorkspace.tsx,4908,Literature Note saved,文献笔记已保存,文献笔记已保存,
inline_tr,app/frontend/src/pages/WorkflowWorkspace.tsx:4918:inline_tr:1,translated,app/frontend/src/pages/WorkflowWorkspace.tsx,4918,Save,保存,保存,
inline_tr,app/frontend/src/pages/WorkflowWorkspace.tsx:4926:inline_tr:1,translated,app/frontend/src/pages/WorkflowWorkspace.tsx,4926,Link to Original,链接到原文,链接到原文,
inline_tr,app/frontend/src/pages/WorkflowWorkspace.tsx:4935:inline_tr:1,translated,app/frontend/src/pages/WorkflowWorkspace.tsx,4935,Quote to Draft,引用到草稿,引用到草稿,
inline_tr,app/frontend/src/pages/WorkflowWorkspace.tsx:4949:inline_tr:1,translated,app/frontend/src/pages/WorkflowWorkspace.tsx,4949,"Permanent note title (e.g., 'Core insight: SRL gap')",永久笔记标题（例如：'核心见解：SRL差距'）,永久笔记标题（例如：'核心见解：SRL差距'）,
inline_ternary,app/frontend/src/pages/WorkflowWorkspace.tsx:4956:inline_ternary:1,translated,app/frontend/src/pages/WorkflowWorkspace.tsx,4956,Write your permanent note — synthesize across sources...,编写你的永久笔记 —— 跨来源综合洞察...,编写你的永久笔记 —— 跨来源综合洞察...,
inline_ternary,app/frontend/src/pages/WorkflowWorkspace.tsx:4962:inline_ternary:1,translated,app/frontend/src/pages/WorkflowWorkspace.tsx,4962,"Add tags (e.g., synthesis, core-insight)...",添加标签（例如，综合、核心见解）...,添加标签（例如，综合、核心见解）...,
inline_ternary,app/frontend/src/pages/WorkflowWorkspace.tsx:4966:inline_ternary:1,translated,app/frontend/src/pages/WorkflowWorkspace.tsx,4966,📎 Citations (add multiple sources),📎 引用（可添加多个来源）,📎 引用（可添加多个来源）,
inline_ternary,app/frontend/src/pages/WorkflowWorkspace.tsx:4988:inline_ternary:1,translated,app/frontend/src/pages/WorkflowWorkspace.tsx,4988,"Add citation (e.g., Author (Year))...",添加引用（例如：作者（年份））...,添加引用（例如：作者（年份））...,
inline_ternary,app/frontend/src/pages/WorkflowWorkspace.tsx:5029:inline_ternary:1,translated,app/frontend/src/pages/WorkflowWorkspace.tsx,5029,Save Permanent Note,保存永久笔记,保存永久笔记,
inline_ternary,app/frontend/src/pages/WorkflowWorkspace.tsx:5042:inline_ternary:1,translated,app/frontend/src/pages/WorkflowWorkspace.tsx,5042,Cancel,取消,取消,
inline_tr,app/frontend/src/pages/WorkflowWorkspace.tsx:5094:inline_tr:1,translated,app/frontend/src/pages/WorkflowWorkspace.tsx,5094,Link to Original,链接到原文,链接到原文,
inline_tr,app/frontend/src/pages/WorkflowWorkspace.tsx:5103:inline_tr:1,translated,app/frontend/src/pages/WorkflowWorkspace.tsx,5103,Quote to Draft,引用到草稿,引用到草稿,
inline_tr,app/frontend/src/pages/WorkflowWorkspace.tsx:5111:inline_tr:1,translated,app/frontend/src/pages/WorkflowWorkspace.tsx,5111,No permanent notes yet. Synthesize your literature notes into permanent insights.,还没有永久笔记。将你的文献笔记综合成永久的见解。,还没有永久笔记。将你的文献笔记综合成永久的见解。,
inline_ternary,app/frontend/src/pages/WorkflowWorkspace.tsx:5127:inline_ternary:1,translated,app/frontend/src/pages/WorkflowWorkspace.tsx,5127,Relevance & Value Assessment,相关性与价值评估,相关性与价值评估,
inline_ternary,app/frontend/src/pages/WorkflowWorkspace.tsx:5159:inline_ternary:1,translated,app/frontend/src/pages/WorkflowWorkspace.tsx,5159,Add to Compare Queue,加入比较队列,加入比较队列,
inline_ternary,app/frontend/src/pages/WorkflowWorkspace.tsx:5255:inline_ternary:1,translated,app/frontend/src/pages/WorkflowWorkspace.tsx,5255,Failed to load entry papers,加载入口文献失败,加载入口文献失败,
inline_tr,app/frontend/src/pages/WorkflowWorkspace.tsx:5457:inline_tr:1,translated,app/frontend/src/pages/WorkflowWorkspace.tsx,5457,Unable to pull references or citations from OpenAlex for this entry paper. You can still use the DOI/URL pull inside each tab or add records manually.,无法从OpenAlex获取此入口文献的参考文献或引用。您仍然可以使用每个标签内的DOI/URL拉取功能或手动添加记录。,无法从OpenAlex获取此入口文献的参考文献或引用。您仍然可以使用每个标签内的DOI/URL拉取功能或手动添加记录。,
inline_ternary,app/frontend/src/pages/WorkflowWorkspace.tsx:5570:inline_ternary:1,translated,app/frontend/src/pages/WorkflowWorkspace.tsx,5570,Added to expanded papers,已添加到扩展论文。,已添加到扩展论文。,
inline_ternary,app/frontend/src/pages/WorkflowWorkspace.tsx:5572:inline_ternary:1,translated,app/frontend/src/pages/WorkflowWorkspace.tsx,5572,Failed to update this paper in expanded papers,更新这篇论文在扩展论文中失败。,更新这篇论文在扩展论文中失败。,
inline_ternary,app/frontend/src/pages/WorkflowWorkspace.tsx:5595:inline_ternary:1,translated,app/frontend/src/pages/WorkflowWorkspace.tsx,5595,Added to expanded papers,已添加到扩展论文。,已添加到扩展论文。,
inline_ternary,app/frontend/src/pages/WorkflowWorkspace.tsx:5597:inline_ternary:1,translated,app/frontend/src/pages/WorkflowWorkspace.tsx,5597,Failed to add this record to expanded papers,添加这条记录到扩展论文失败。,添加这条记录到扩展论文失败。,
inline_ternary,app/frontend/src/pages/WorkflowWorkspace.tsx:5610:inline_ternary:1,translated,app/frontend/src/pages/WorkflowWorkspace.tsx,5610,Paper title,论文标题,论文标题,
inline_ternary,app/frontend/src/pages/WorkflowWorkspace.tsx:5617:inline_ternary:1,translated,app/frontend/src/pages/WorkflowWorkspace.tsx,5617,Authors (comma separated),作者（逗号分隔）,作者（逗号分隔）,
inline_ternary,app/frontend/src/pages/WorkflowWorkspace.tsx:5623:inline_ternary:1,translated,app/frontend/src/pages/WorkflowWorkspace.tsx,5623,Year,年份,年份,
inline_ternary,app/frontend/src/pages/WorkflowWorkspace.tsx:5632:inline_ternary:1,translated,app/frontend/src/pages/WorkflowWorkspace.tsx,5632,Journal,期刊,期刊,
inline_ternary,app/frontend/src/pages/WorkflowWorkspace.tsx:5638:inline_ternary:1,translated,app/frontend/src/pages/WorkflowWorkspace.tsx,5638,DOI or URL,DOI或URL,DOI或URL,
inline_ternary,app/frontend/src/pages/WorkflowWorkspace.tsx:5645:inline_ternary:1,translated,app/frontend/src/pages/WorkflowWorkspace.tsx,5645,Add record,添加记录,添加记录,
inline_ternary,app/frontend/src/pages/WorkflowWorkspace.tsx:5654:inline_ternary:1,translated,app/frontend/src/pages/WorkflowWorkspace.tsx,5654,Cancel,取消,取消,
inline_ternary,app/frontend/src/pages/WorkflowWorkspace.tsx:5716:inline_ternary:1,translated,app/frontend/src/pages/WorkflowWorkspace.tsx,5716,Remove from expanded papers,从扩展论文中移除,从扩展论文中移除,
inline_ternary,app/frontend/src/pages/WorkflowWorkspace.tsx:5720:inline_ternary:1,translated,app/frontend/src/pages/WorkflowWorkspace.tsx,5720,To Expanded,加入扩展论文,加入扩展论文,
inline_ternary,app/frontend/src/pages/WorkflowWorkspace.tsx:5729:inline_ternary:1,translated,app/frontend/src/pages/WorkflowWorkspace.tsx,5729,No records yet. Pull from OpenAlex or add manually.,尚无记录。请从 OpenAlex 获取数据，或手动添加。,尚无记录。请从 OpenAlex 获取数据，或手动添加。,
inline_ternary,app/frontend/src/pages/WorkflowWorkspace.tsx:5745:inline_ternary:1,translated,app/frontend/src/pages/WorkflowWorkspace.tsx,5745,Expand by Entry Paper,通过入口文献扩展,通过入口文献扩展,
inline_ternary,app/frontend/src/pages/WorkflowWorkspace.tsx:5750:inline_ternary:1,translated,app/frontend/src/pages/WorkflowWorkspace.tsx,5750,Expand by DOI/URL,通过DOI/URL扩展,通过DOI/URL扩展,
inline_ternary,app/frontend/src/pages/WorkflowWorkspace.tsx:5755:inline_ternary:1,translated,app/frontend/src/pages/WorkflowWorkspace.tsx,5755,Expand Manually,手动扩展,手动扩展,
inline_ternary,app/frontend/src/pages/WorkflowWorkspace.tsx:5762:inline_ternary:1,translated,app/frontend/src/pages/WorkflowWorkspace.tsx,5762,"Select one entry paper, then pull both references and citations from OpenAlex.",选择一篇入口文献，随后从OpenAlex中提取其参考文献与引文。,选择一篇入口文献，随后从OpenAlex中提取其参考文献与引文。,
inline_ternary,app/frontend/src/pages/WorkflowWorkspace.tsx:5766:inline_ternary:1,translated,app/frontend/src/pages/WorkflowWorkspace.tsx,5766,1. Select one entry paper to expand,手动扩展,1. 选择一篇入口文献开始扩展,
inline_ternary,app/frontend/src/pages/WorkflowWorkspace.tsx:5810:inline_ternary:1,translated,app/frontend/src/pages/WorkflowWorkspace.tsx,5810,Open original,打开原文,打开原文,
inline_ternary,app/frontend/src/pages/WorkflowWorkspace.tsx:5820:inline_ternary:1,translated,app/frontend/src/pages/WorkflowWorkspace.tsx,5820,Selected,已选中,已选中,
inline_ternary,app/frontend/src/pages/WorkflowWorkspace.tsx:5828:inline_ternary:1,translated,app/frontend/src/pages/WorkflowWorkspace.tsx,5828,No entry papers in this project.,此项目中没有入口文献。,此项目中没有入口文献。,
inline_ternary,app/frontend/src/pages/WorkflowWorkspace.tsx:5834:inline_ternary:1,translated,app/frontend/src/pages/WorkflowWorkspace.tsx,5834,2. Pulled Expansion Results,2. 拉取扩展到的结果,2. 拉取扩展到的结果,
inline_ternary,app/frontend/src/pages/WorkflowWorkspace.tsx:5841:inline_ternary:1,translated,app/frontend/src/pages/WorkflowWorkspace.tsx,5841,References,参考文献,参考文献,
inline_ternary,app/frontend/src/pages/WorkflowWorkspace.tsx:5846:inline_ternary:1,translated,app/frontend/src/pages/WorkflowWorkspace.tsx,5846,Citations,引文,引文,
inline_ternary,app/frontend/src/pages/WorkflowWorkspace.tsx:5885:inline_ternary:1,translated,app/frontend/src/pages/WorkflowWorkspace.tsx,5885,Use a DOI or URL as the seed source when you do not want to start from an existing entry paper.,当您不希望从现有入口文献开始时，请使用DOI或URL作为种子来源。,当您不希望从现有入口文献开始时，请使用DOI或URL作为种子来源。,
inline_ternary,app/frontend/src/pages/WorkflowWorkspace.tsx:5894:inline_ternary:1,translated,app/frontend/src/pages/WorkflowWorkspace.tsx,5894,References,参考文献,参考文献,
inline_ternary,app/frontend/src/pages/WorkflowWorkspace.tsx:5899:inline_ternary:1,translated,app/frontend/src/pages/WorkflowWorkspace.tsx,5899,Citations,引文,引文,
inline_ternary,app/frontend/src/pages/WorkflowWorkspace.tsx:5907:inline_ternary:1,translated,app/frontend/src/pages/WorkflowWorkspace.tsx,5907,Provide a DOI or URL to pull references,提供一个DOI或URL来拉取参考文献。,提供一个DOI或URL来拉取参考文献。,
inline_ternary,app/frontend/src/pages/WorkflowWorkspace.tsx:5923:inline_ternary:1,translated,app/frontend/src/pages/WorkflowWorkspace.tsx,5923,Pull References,拉取参考文献,拉取参考文献,
inline_ternary,app/frontend/src/pages/WorkflowWorkspace.tsx:5934:inline_ternary:1,translated,app/frontend/src/pages/WorkflowWorkspace.tsx,5934,Provide a DOI or URL to pull citations,提供一个DOI或URL来拉取引用。,提供一个DOI或URL来拉取引用。,
inline_ternary,app/frontend/src/pages/WorkflowWorkspace.tsx:5950:inline_ternary:1,translated,app/frontend/src/pages/WorkflowWorkspace.tsx,5950,Pull Citations,拉取引文,拉取引文,
inline_ternary,app/frontend/src/pages/WorkflowWorkspace.tsx:5961:inline_ternary:1,translated,app/frontend/src/pages/WorkflowWorkspace.tsx,5961,Manually add papers when automatic expansion cannot find them or when you want to curate results yourself.,当自动扩展找不到论文，或你想自行筛选结果时，可手动添加论文。,当自动扩展找不到论文，或你想自行筛选结果时，可手动添加论文。,
inline_ternary,app/frontend/src/pages/WorkflowWorkspace.tsx:5970:inline_ternary:1,translated,app/frontend/src/pages/WorkflowWorkspace.tsx,5970,References,参考文献,参考文献,
inline_ternary,app/frontend/src/pages/WorkflowWorkspace.tsx:5975:inline_ternary:1,translated,app/frontend/src/pages/WorkflowWorkspace.tsx,5975,Citations,引文,引文,
inline_ternary,app/frontend/src/pages/WorkflowWorkspace.tsx:6554:inline_ternary:1,translated,app/frontend/src/pages/WorkflowWorkspace.tsx,6554,Please choose at least one image file,请选择至少一个图片文件。,请选择至少一个图片文件。,
inline_ternary,app/frontend/src/pages/WorkflowWorkspace.tsx:6711:inline_ternary:1,translated,app/frontend/src/pages/WorkflowWorkspace.tsx,6711,Paper Overview,论文概览,论文概览,
inline_ternary,app/frontend/src/pages/WorkflowWorkspace.tsx:6719:inline_ternary:1,translated,app/frontend/src/pages/WorkflowWorkspace.tsx,6719,Upload Visualizations,上传可视化图表,上传可视化图表,
inline_ternary,app/frontend/src/pages/WorkflowWorkspace.tsx:6727:inline_ternary:1,translated,app/frontend/src/pages/WorkflowWorkspace.tsx,6727,Synthesis Tables,数据合成表,数据合成表,
inline_ternary,app/frontend/src/pages/WorkflowWorkspace.tsx:6735:inline_ternary:1,translated,app/frontend/src/pages/WorkflowWorkspace.tsx,6735,Visualization Tools,可视化工具,可视化工具,
inline_ternary,app/frontend/src/pages/WorkflowWorkspace.tsx:6746:inline_ternary:1,translated,app/frontend/src/pages/WorkflowWorkspace.tsx,6746,Total Reading Papers,可视化工具,总阅读论文数,
inline_ternary,app/frontend/src/pages/WorkflowWorkspace.tsx:6752:inline_ternary:1,translated,app/frontend/src/pages/WorkflowWorkspace.tsx,6752,Entry Papers,入口文献,入口文献,
inline_ternary,app/frontend/src/pages/WorkflowWorkspace.tsx:6758:inline_ternary:1,translated,app/frontend/src/pages/WorkflowWorkspace.tsx,6758,Expanded Papers,扩展论文,扩展论文,
inline_ternary,app/frontend/src/pages/WorkflowWorkspace.tsx:6764:inline_ternary:1,translated,app/frontend/src/pages/WorkflowWorkspace.tsx,6764,Papers Overview,论文概览,论文概览,
inline_ternary,app/frontend/src/pages/WorkflowWorkspace.tsx:6767:inline_ternary:1,translated,app/frontend/src/pages/WorkflowWorkspace.tsx,6767,Loading paper metrics...,正在加载论文指标...,正在加载论文指标...,
inline_ternary,app/frontend/src/pages/WorkflowWorkspace.tsx:6776:inline_ternary:1,translated,app/frontend/src/pages/WorkflowWorkspace.tsx,6776,Title,标题,标题,
inline_ternary,app/frontend/src/pages/WorkflowWorkspace.tsx:6779:inline_ternary:1,translated,app/frontend/src/pages/WorkflowWorkspace.tsx,6779,Category,类别,类别,
inline_ternary,app/frontend/src/pages/WorkflowWorkspace.tsx:6782:inline_ternary:1,translated,app/frontend/src/pages/WorkflowWorkspace.tsx,6782,Processing Time,处理时间,处理时间,
inline_ternary,app/frontend/src/pages/WorkflowWorkspace.tsx:6784:inline_ternary:1,translated,app/frontend/src/pages/WorkflowWorkspace.tsx,6784,Highlights,高亮文本,论文概览,
inline_ternary,app/frontend/src/pages/WorkflowWorkspace.tsx:6785:inline_ternary:1,translated,app/frontend/src/pages/WorkflowWorkspace.tsx,6785,Lit Notes,文献笔记,文献笔记,
inline_ternary,app/frontend/src/pages/WorkflowWorkspace.tsx:6786:inline_ternary:1,translated,app/frontend/src/pages/WorkflowWorkspace.tsx,6786,Perm Notes,永久笔记,永久笔记,
inline_ternary,app/frontend/src/pages/WorkflowWorkspace.tsx:6787:inline_ternary:1,translated,app/frontend/src/pages/WorkflowWorkspace.tsx,6787,Concept,标题,概念,
inline_ternary,app/frontend/src/pages/WorkflowWorkspace.tsx:6788:inline_ternary:1,translated,app/frontend/src/pages/WorkflowWorkspace.tsx,6788,Theory,理论,理论,
inline_ternary,app/frontend/src/pages/WorkflowWorkspace.tsx:6789:inline_ternary:1,translated,app/frontend/src/pages/WorkflowWorkspace.tsx,6789,Construct,构念,构念,
inline_ternary,app/frontend/src/pages/WorkflowWorkspace.tsx:6790:inline_ternary:1,translated,app/frontend/src/pages/WorkflowWorkspace.tsx,6790,Variable,类别,变量,
inline_ternary,app/frontend/src/pages/WorkflowWorkspace.tsx:6791:inline_ternary:1,translated,app/frontend/src/pages/WorkflowWorkspace.tsx,6791,Framework,框架,框架,
inline_ternary,app/frontend/src/pages/WorkflowWorkspace.tsx:6792:inline_ternary:1,translated,app/frontend/src/pages/WorkflowWorkspace.tsx,6792,Method,方法,方法,
inline_ternary,app/frontend/src/pages/WorkflowWorkspace.tsx:6793:inline_ternary:1,translated,app/frontend/src/pages/WorkflowWorkspace.tsx,6793,Other,处理时间,其他,
inline_ternary,app/frontend/src/pages/WorkflowWorkspace.tsx:6823:inline_ternary:1,translated,app/frontend/src/pages/WorkflowWorkspace.tsx,6823,Rows per page,每页显示条数,每页显示条数,
inline_ternary,app/frontend/src/pages/WorkflowWorkspace.tsx:6839:inline_ternary:1,translated,app/frontend/src/pages/WorkflowWorkspace.tsx,6839,All,全部,全部,
inline_ternary,app/frontend/src/pages/WorkflowWorkspace.tsx:6858:inline_ternary:1,translated,app/frontend/src/pages/WorkflowWorkspace.tsx,6858,Prev,上一页,上一页,
inline_ternary,app/frontend/src/pages/WorkflowWorkspace.tsx:6866:inline_ternary:1,translated,app/frontend/src/pages/WorkflowWorkspace.tsx,6866,Next,前进,前进,
inline_ternary,app/frontend/src/pages/WorkflowWorkspace.tsx:6882:inline_ternary:1,translated,app/frontend/src/pages/WorkflowWorkspace.tsx,6882,Upload Visualizations,上传可视化图表,上传可视化图表,
inline_ternary,app/frontend/src/pages/WorkflowWorkspace.tsx:6885:inline_ternary:1,translated,app/frontend/src/pages/WorkflowWorkspace.tsx,6885,Upload File,上传文件,上传文件,
inline_ternary,app/frontend/src/pages/WorkflowWorkspace.tsx:6892:inline_ternary:1,translated,app/frontend/src/pages/WorkflowWorkspace.tsx,6892,Choose one or more local image files to upload into the system,选择一个或多个本地图片文件上传到系统。,选择一个或多个本地图片文件上传到系统。,
inline_ternary,app/frontend/src/pages/WorkflowWorkspace.tsx:6907:inline_ternary:1,translated,app/frontend/src/pages/WorkflowWorkspace.tsx,6907,Select Images to Upload,选择要上传的图片,选择要上传的图片,
inline_ternary,app/frontend/src/pages/WorkflowWorkspace.tsx:6926:inline_ternary:1,translated,app/frontend/src/pages/WorkflowWorkspace.tsx,6926,Uploading...,上传中...,上传中...,
inline_ternary,app/frontend/src/pages/WorkflowWorkspace.tsx:6935:inline_ternary:1,translated,app/frontend/src/pages/WorkflowWorkspace.tsx,6935,Uploading,正在上传,正在上传,
inline_ternary,app/frontend/src/pages/WorkflowWorkspace.tsx:6943:inline_ternary:1,translated,app/frontend/src/pages/WorkflowWorkspace.tsx,6943,Retry,重试,重试,
inline_ternary,app/frontend/src/pages/WorkflowWorkspace.tsx:6947:inline_ternary:1,translated,app/frontend/src/pages/WorkflowWorkspace.tsx,6947,Saved to My Artifacts / Visuals,已保存到我的产件/可视化,已保存到我的产件/可视化,
inline_ternary,app/frontend/src/pages/WorkflowWorkspace.tsx:6960:inline_ternary:1,translated,app/frontend/src/pages/WorkflowWorkspace.tsx,6960,Add to Visual Artifacts,添加到视觉产件,添加到视觉产件,
inline_ternary,app/frontend/src/pages/WorkflowWorkspace.tsx:6968:inline_ternary:1,translated,app/frontend/src/pages/WorkflowWorkspace.tsx,6968,No visualization files uploaded yet.,尚未上传可视化文件。,尚未上传可视化文件。,
inline_ternary,app/frontend/src/pages/WorkflowWorkspace.tsx:6980:inline_ternary:1,translated,app/frontend/src/pages/WorkflowWorkspace.tsx,6980,Synthesis Tables (,数据合成表（,数据合成表（,
inline_ternary,app/frontend/src/pages/WorkflowWorkspace.tsx:6985:inline_ternary:1,translated,app/frontend/src/pages/WorkflowWorkspace.tsx,6985,Export CSV,导出CSV,导出CSV,
inline_ternary,app/frontend/src/pages/WorkflowWorkspace.tsx:6988:inline_ternary:1,translated,app/frontend/src/pages/WorkflowWorkspace.tsx,6988,New Table,新建表格,新建表格,
inline_ternary,app/frontend/src/pages/WorkflowWorkspace.tsx:7015:inline_ternary:1,translated,app/frontend/src/pages/WorkflowWorkspace.tsx,7015,Select Papers (Rows):,选择论文（行）：,选择论文（行）：,
inline_ternary,app/frontend/src/pages/WorkflowWorkspace.tsx:7034:inline_ternary:1,translated,app/frontend/src/pages/WorkflowWorkspace.tsx,7034,Columns (Attributes):,列（属性）：,列（属性）：,
inline_ternary,app/frontend/src/pages/WorkflowWorkspace.tsx:7049:inline_ternary:1,translated,app/frontend/src/pages/WorkflowWorkspace.tsx,7049,"Add column (e.g., Sample Size, Theory)...",添加列（例如，样本大小，理论）……,添加列（例如，样本大小，理论）……,
inline_ternary,app/frontend/src/pages/WorkflowWorkspace.tsx:7097:inline_ternary:1,translated,app/frontend/src/pages/WorkflowWorkspace.tsx,7097,Paper,论文,论文,
inline_ternary,app/frontend/src/pages/WorkflowWorkspace.tsx:7125:inline_ternary:1,translated,app/frontend/src/pages/WorkflowWorkspace.tsx,7125,Enter data...,输入数据……,输入数据……,
inline_ternary,app/frontend/src/pages/WorkflowWorkspace.tsx:7151:inline_ternary:1,translated,app/frontend/src/pages/WorkflowWorkspace.tsx,7151,Visualization Tools Directory,可视化工具目录,可视化工具目录,
inline_ternary,app/frontend/src/pages/WorkflowWorkspace.tsx:7153:inline_ternary:1,translated,app/frontend/src/pages/WorkflowWorkspace.tsx,7153,"Common software and apps for research visualization, bibliometrics, and data presentation.",用于研究可视化、文献计量和数据展示的常用软件和应用程序。,用于研究可视化、文献计量和数据展示的常用软件和应用程序。,
inline_ternary,app/frontend/src/pages/WorkflowWorkspace.tsx:7161:inline_ternary:1,translated,app/frontend/src/pages/WorkflowWorkspace.tsx,7161,Add Tool,添加工具,添加工具,
inline_ternary,app/frontend/src/pages/WorkflowWorkspace.tsx:7168:inline_ternary:1,translated,app/frontend/src/pages/WorkflowWorkspace.tsx,7168,➕ Add a New Visualization Tool,➕ 添加新的可视化工具,➕ 添加新的可视化工具,
inline_ternary,app/frontend/src/pages/WorkflowWorkspace.tsx:7171:inline_ternary:1,translated,app/frontend/src/pages/WorkflowWorkspace.tsx,7171,Name *,名称 *,名称 *,
inline_ternary,app/frontend/src/pages/WorkflowWorkspace.tsx:7175:inline_ternary:1,translated,app/frontend/src/pages/WorkflowWorkspace.tsx,7175,Tool name...,工具名称...,用于研究可视化、文献计量和数据展示的常用软件和应用程序。,
inline_ternary,app/frontend/src/pages/WorkflowWorkspace.tsx:7180:inline_ternary:1,translated,app/frontend/src/pages/WorkflowWorkspace.tsx,7180,URL,网址,网址,
inline_ternary,app/frontend/src/pages/WorkflowWorkspace.tsx:7190:inline_ternary:1,translated,app/frontend/src/pages/WorkflowWorkspace.tsx,7190,Description,描述,描述,
inline_ternary,app/frontend/src/pages/WorkflowWorkspace.tsx:7195:inline_ternary:1,translated,app/frontend/src/pages/WorkflowWorkspace.tsx,7195,What does this tool do? What is it best for?,这个工具是用来做什么的？它最适合什么用途？,这个工具是用来做什么的？它最适合什么用途？,
inline_ternary,app/frontend/src/pages/WorkflowWorkspace.tsx:7201:inline_ternary:1,translated,app/frontend/src/pages/WorkflowWorkspace.tsx,7201,Pricing,定价,定价,
inline_ternary,app/frontend/src/pages/WorkflowWorkspace.tsx:7222:inline_ternary:1,translated,app/frontend/src/pages/WorkflowWorkspace.tsx,7222,Price Details,价格详情,价格详情,
inline_ternary,app/frontend/src/pages/WorkflowWorkspace.tsx:7226:inline_ternary:1,translated,app/frontend/src/pages/WorkflowWorkspace.tsx,7226,"e.g., $10/month, Free tier available...",例如，每月10美元，提供免费等级...,例如，每月10美元，提供免费等级...,
inline_ternary,app/frontend/src/pages/WorkflowWorkspace.tsx:7234:inline_ternary:1,translated,app/frontend/src/pages/WorkflowWorkspace.tsx,7234,Add Tool,添加工具,添加工具,
inline_ternary,app/frontend/src/pages/WorkflowWorkspace.tsx:7236:inline_ternary:1,translated,app/frontend/src/pages/WorkflowWorkspace.tsx,7236,Cancel,取消,取消,
inline_ternary,app/frontend/src/pages/WorkflowWorkspace.tsx:7253:inline_ternary:1,translated,app/frontend/src/pages/WorkflowWorkspace.tsx,7253,Custom,自定义,自定义,
inline_ternary,app/frontend/src/pages/WorkflowWorkspace.tsx:7279:inline_ternary:1,translated,app/frontend/src/pages/WorkflowWorkspace.tsx,7279,🔗 Visit Website,🔗 访问网站,🔗 访问网站,
inline_ternary,app/frontend/src/pages/WorkflowWorkspace.tsx:7289:inline_ternary:1,translated,app/frontend/src/pages/WorkflowWorkspace.tsx,7289,Remove,移除,移除,
inline_ternary,app/frontend/src/pages/WorkflowWorkspace.tsx:7950:inline_ternary:1,translated,app/frontend/src/pages/WorkflowWorkspace.tsx,7950,Failed to sync note changes to source note.,同步笔记更改到源笔记失败。,同步笔记更改到源笔记失败。,
inline_ternary,app/frontend/src/pages/WorkflowWorkspace.tsx:8298:inline_ternary:1,translated,app/frontend/src/pages/WorkflowWorkspace.tsx,8298,保存到 Draft Artifact 失败,保存为草稿产件失败,保存为草稿产件失败,
inline_ternary,app/frontend/src/pages/WorkflowWorkspace.tsx:8691:inline_ternary:1,translated,app/frontend/src/pages/WorkflowWorkspace.tsx,8691,Pre-Writing Strategies,预写作策略,预写作策略,
inline_ternary,app/frontend/src/pages/WorkflowWorkspace.tsx:8738:inline_ternary:1,translated,app/frontend/src/pages/WorkflowWorkspace.tsx,8738,Recommended Tools,推荐工具,推荐工具,
inline_ternary,app/frontend/src/pages/WorkflowWorkspace.tsx:8760:inline_ternary:1,translated,app/frontend/src/pages/WorkflowWorkspace.tsx,8760,Notes (,笔记（,笔记（,
inline_ternary,app/frontend/src/pages/WorkflowWorkspace.tsx:8768:inline_ternary:1,translated,app/frontend/src/pages/WorkflowWorkspace.tsx,8768,New Note,新建笔记,新建笔记,
inline_ternary,app/frontend/src/pages/WorkflowWorkspace.tsx:8794:inline_ternary:1,translated,app/frontend/src/pages/WorkflowWorkspace.tsx,8794,Tool Used (optional):,使用的工具 (可选):,使用的工具 (可选):,
inline_ternary,app/frontend/src/pages/WorkflowWorkspace.tsx:8813:inline_ternary:1,translated,app/frontend/src/pages/WorkflowWorkspace.tsx,8813,Other tool...,其他工具...,其他工具...,
inline_ternary,app/frontend/src/pages/WorkflowWorkspace.tsx:8821:inline_ternary:1,translated,app/frontend/src/pages/WorkflowWorkspace.tsx,8821,Upload Result / Document (optional):,上传结果/文档（可选）：,上传结果/文档（可选）：,
inline_ternary,app/frontend/src/pages/WorkflowWorkspace.tsx:8825:inline_ternary:1,translated,app/frontend/src/pages/WorkflowWorkspace.tsx,8825,Upload File,上传文件,上传文件,
inline_ternary,app/frontend/src/pages/WorkflowWorkspace.tsx:8843:inline_ternary:1,translated,app/frontend/src/pages/WorkflowWorkspace.tsx,8843,Save Note,保存笔记,保存笔记,
inline_ternary,app/frontend/src/pages/WorkflowWorkspace.tsx:8845:inline_ternary:1,translated,app/frontend/src/pages/WorkflowWorkspace.tsx,8845,Cancel,取消,取消,
inline_ternary,app/frontend/src/pages/WorkflowWorkspace.tsx:8860:inline_ternary:1,translated,app/frontend/src/pages/WorkflowWorkspace.tsx,8860,+ Add as Artifact,+ 添加为产件,+ 添加为产件,
inline_ternary,app/frontend/src/pages/WorkflowWorkspace.tsx:8878:inline_ternary:1,translated,app/frontend/src/pages/WorkflowWorkspace.tsx,8878,Reporting Style:,报告风格：,报告风格：,
inline_ternary,app/frontend/src/pages/WorkflowWorkspace.tsx:8912:inline_ternary:1,translated,app/frontend/src/pages/WorkflowWorkspace.tsx,8912,Writing Block —,写作板块 —,写作板块 —,
inline_ternary,app/frontend/src/pages/WorkflowWorkspace.tsx:8921:inline_ternary:1,translated,app/frontend/src/pages/WorkflowWorkspace.tsx,8921,📂 Writing Drafts,📂 写作草稿,📂 写作草稿,
inline_ternary,app/frontend/src/pages/WorkflowWorkspace.tsx:8928:inline_ternary:1,translated,app/frontend/src/pages/WorkflowWorkspace.tsx,8928,No writing drafts saved yet. Use &quot;Save as Draft&quot; to create one.,尚未保存任何写作草稿。使用“保存为草稿”创建一个。,尚未保存任何写作草稿。使用“保存为草稿”创建一个。,
inline_ternary,app/frontend/src/pages/WorkflowWorkspace.tsx:8936:inline_ternary:1,translated,app/frontend/src/pages/WorkflowWorkspace.tsx,8936,version,版本,版本,
inline_ternary,app/frontend/src/pages/WorkflowWorkspace.tsx:8939:inline_ternary:1,translated,app/frontend/src/pages/WorkflowWorkspace.tsx,8939,Created:,创建于：,创建于：,
inline_ternary,app/frontend/src/pages/WorkflowWorkspace.tsx:8956:inline_ternary:1,translated,app/frontend/src/pages/WorkflowWorkspace.tsx,8956,Active,活跃,活跃,
inline_ternary,app/frontend/src/pages/WorkflowWorkspace.tsx:8973:inline_ternary:1,translated,app/frontend/src/pages/WorkflowWorkspace.tsx,8973,📦 Draft Artifacts,📦 草稿产件,📦 草稿产件,
inline_ternary,app/frontend/src/pages/WorkflowWorkspace.tsx:8980:inline_ternary:1,translated,app/frontend/src/pages/WorkflowWorkspace.tsx,8980,No draft artifacts yet. Use Save as Draft → Save to Artifact.,还没有草稿产件。使用“保存为草稿 → 保存到产件”创建。,还没有草稿产件。使用“保存为草稿 → 保存到产件”创建。,
inline_ternary,app/frontend/src/pages/WorkflowWorkspace.tsx:8990:inline_ternary:1,translated,app/frontend/src/pages/WorkflowWorkspace.tsx,8990,version,版本,版本,
inline_ternary,app/frontend/src/pages/WorkflowWorkspace.tsx:8993:inline_ternary:1,translated,app/frontend/src/pages/WorkflowWorkspace.tsx,8993,Updated:,更新于：,更新于：,
inline_ternary,app/frontend/src/pages/WorkflowWorkspace.tsx:9050:inline_ternary:1,translated,app/frontend/src/pages/WorkflowWorkspace.tsx,9050,Jumped from citation [,已从引用 [,已从引用 [,
inline_ternary,app/frontend/src/pages/WorkflowWorkspace.tsx:9050:inline_ternary:2,translated,app/frontend/src/pages/WorkflowWorkspace.tsx,9050,]. You can now locate and edit the matching reference entry.,] 跳转而来。现在你可以定位并编辑对应的参考文献条目。,] 跳转而来。现在你可以定位并编辑对应的参考文献条目。,
inline_ternary,app/frontend/src/pages/WorkflowWorkspace.tsx:9053:inline_ternary:1,translated,app/frontend/src/pages/WorkflowWorkspace.tsx,9053,Type,输入,输入,
inline_ternary,app/frontend/src/pages/WorkflowWorkspace.tsx:9053:inline_ternary:2,translated,app/frontend/src/pages/WorkflowWorkspace.tsx,9053,anywhere in the editor to search and insert an artifact.,即可在编辑器任意位置搜索并插入产件。,即可在编辑器任意位置搜索并插入产件。,
inline_ternary,app/frontend/src/pages/WorkflowWorkspace.tsx:9088:inline_ternary:1,translated,app/frontend/src/pages/WorkflowWorkspace.tsx,9088,Saved,已保存,已保存,
inline_ternary,app/frontend/src/pages/WorkflowWorkspace.tsx:9095:inline_ternary:1,translated,app/frontend/src/pages/WorkflowWorkspace.tsx,9095,Save as Draft,保存为草稿,保存为草稿,
inline_ternary,app/frontend/src/pages/WorkflowWorkspace.tsx:9101:inline_ternary:1,translated,app/frontend/src/pages/WorkflowWorkspace.tsx,9101,Save Now,立即保存,立即保存,
inline_ternary,app/frontend/src/pages/WorkflowWorkspace.tsx:9104:inline_ternary:1,translated,app/frontend/src/pages/WorkflowWorkspace.tsx,9104,Save to Artifact,保存到产件,保存到产件,
inline_ternary,app/frontend/src/pages/WorkflowWorkspace.tsx:9109:inline_ternary:1,translated,app/frontend/src/pages/WorkflowWorkspace.tsx,9109,Load Draft Artifact,加载草稿产件,加载草稿产件,
inline_ternary,app/frontend/src/pages/WorkflowWorkspace.tsx:9112:inline_ternary:1,translated,app/frontend/src/pages/WorkflowWorkspace.tsx,9112,Preview,预览,预览,
inline_ternary,app/frontend/src/pages/WorkflowWorkspace.tsx:9117:inline_ternary:1,translated,app/frontend/src/pages/WorkflowWorkspace.tsx,9117,Export,导出,导出,
inline_ternary,app/frontend/src/pages/WorkflowWorkspace.tsx:9123:inline_ternary:1,translated,app/frontend/src/pages/WorkflowWorkspace.tsx,9123,Export as Markdown,导出为 Markdown,保存为草稿,
inline_ternary,app/frontend/src/pages/WorkflowWorkspace.tsx:9126:inline_ternary:1,translated,app/frontend/src/pages/WorkflowWorkspace.tsx,9126,Export as .docx,导出为 .docx,导出为 .docx,
inline_ternary,app/frontend/src/pages/WorkflowWorkspace.tsx:9137:inline_ternary:1,translated,app/frontend/src/pages/WorkflowWorkspace.tsx,9137,Structure Check,结构检查,结构检查,
inline_ternary,app/frontend/src/pages/WorkflowWorkspace.tsx:9162:inline_ternary:1,translated,app/frontend/src/pages/WorkflowWorkspace.tsx,9162,Macro Level — Overall Structure,宏观层面 — 整体结构,宏观层面 — 整体结构,
inline_ternary,app/frontend/src/pages/WorkflowWorkspace.tsx:9206:inline_ternary:1,translated,app/frontend/src/pages/WorkflowWorkspace.tsx,9206,Meso Level — Toulmin Argumentation,中观层面 — 图尔敏论证模型,中观层面 — 图尔敏论证模型,
inline_ternary,app/frontend/src/pages/WorkflowWorkspace.tsx:9208:inline_ternary:1,translated,app/frontend/src/pages/WorkflowWorkspace.tsx,9208,Claim → Data → Warrant → Backing → Qualifier → Rebuttal,主张 → 数据 → 保证 → 支撑 → 限定 → 反驳,主张 → 数据 → 保证 → 支撑 → 限定 → 反驳,
inline_ternary,app/frontend/src/pages/WorkflowWorkspace.tsx:9257:inline_ternary:1,translated,app/frontend/src/pages/WorkflowWorkspace.tsx,9257,Micro Level — Language & Details,微观层面 — 语言与细节,微观层面 — 语言与细节,
inline_ternary,app/frontend/src/pages/WorkflowWorkspace.tsx:9265:inline_ternary:1,translated,app/frontend/src/pages/WorkflowWorkspace.tsx,9265,🔍 Eliminate Basic Errors,🔍 消除基本错误,🔍 消除基本错误,
inline_ternary,app/frontend/src/pages/WorkflowWorkspace.tsx:9287:inline_ternary:1,translated,app/frontend/src/pages/WorkflowWorkspace.tsx,9287,📖 Improve Readability,📖 提高可读性,📖 提高可读性,
inline_ternary,app/frontend/src/pages/WorkflowWorkspace.tsx:9309:inline_ternary:1,translated,app/frontend/src/pages/WorkflowWorkspace.tsx,9309,🏛️ Establish Credibility,🏛️ 建立可信度,🏛️ 建立可信度,
inline_ternary,app/frontend/src/pages/WorkflowWorkspace.tsx:9338:inline_ternary:1,translated,app/frontend/src/pages/WorkflowWorkspace.tsx,9338,Open Grammarly (Grammar AI Check),打开Grammarly（语法AI检查）,打开Grammarly（语法AI检查）,
inline_ternary,app/frontend/src/pages/WorkflowWorkspace.tsx:9360:inline_ternary:1,translated,app/frontend/src/pages/WorkflowWorkspace.tsx,9360,AI Analysis Result,AI分析结果,AI分析结果,
inline_ternary,app/frontend/src/pages/WorkflowWorkspace.tsx:9415:inline_ternary:1,translated,app/frontend/src/pages/WorkflowWorkspace.tsx,9415,Insert into,插入到,插入到,
inline_ternary,app/frontend/src/pages/WorkflowWorkspace.tsx:9418:inline_ternary:1,translated,app/frontend/src/pages/WorkflowWorkspace.tsx,9418,Close,关闭,关闭,
inline_ternary,app/frontend/src/pages/WorkflowWorkspace.tsx:9428:inline_ternary:1,translated,app/frontend/src/pages/WorkflowWorkspace.tsx,9428,Edit Inserted,编辑已插入内容,编辑已插入内容,
inline_tr,app/frontend/src/pages/WorkflowWorkspace.tsx:9461:inline_tr:1,translated,app/frontend/src/pages/WorkflowWorkspace.tsx,9461,Also push this change to source,同时将此更改推送到源,同时将此更改推送到源,
inline_tr,app/frontend/src/pages/WorkflowWorkspace.tsx:9464:inline_tr:1,translated,app/frontend/src/pages/WorkflowWorkspace.tsx,9464,Cancel,取消,取消,
inline_tr,app/frontend/src/pages/WorkflowWorkspace.tsx:9466:inline_tr:1,translated,app/frontend/src/pages/WorkflowWorkspace.tsx,9466,Save Changes,保存更改,保存更改,
inline_tr,app/frontend/src/pages/WorkflowWorkspace.tsx:9480:inline_tr:1,translated,app/frontend/src/pages/WorkflowWorkspace.tsx,9480,Full Preview,完整预览,完整预览,
inline_ternary,app/frontend/src/pages/WorkflowWorkspace.tsx:9504:inline_ternary:1,translated,app/frontend/src/pages/WorkflowWorkspace.tsx,9504,No content written yet. Start writing in the component tabs above.,尚未编写内容。请在上方的组件标签页开始写作。,尚未编写内容。请在上方的组件标签页开始写作。,
inline_ternary,app/frontend/src/pages/WorkflowWorkspace.tsx:9535:inline_ternary:1,translated,app/frontend/src/pages/WorkflowWorkspace.tsx,9535,"Search purposes, keywords, notes, visuals…",搜索目的、关键词、笔记、可视化…,搜索目的、关键词、笔记、可视化…,
inline_ternary,app/frontend/src/pages/WorkflowWorkspace.tsx:9592:inline_ternary:1,translated,app/frontend/src/pages/WorkflowWorkspace.tsx,9592,No matching artifacts found,未找到匹配的产件,未找到匹配的产件,
inline_ternary,app/frontend/src/pages/WorkflowWorkspace.tsx:9656:inline_ternary:1,translated,app/frontend/src/pages/WorkflowWorkspace.tsx,9656,to insert first result,插入第一个结果,插入第一个结果,
inline_ternary,app/frontend/src/pages/WorkflowWorkspace.tsx:9657:inline_ternary:1,translated,app/frontend/src/pages/WorkflowWorkspace.tsx,9657,Esc,Esc,Esc,
inline_ternary,app/frontend/src/pages/WorkflowWorkspace.tsx:9657:inline_ternary:2,translated,app/frontend/src/pages/WorkflowWorkspace.tsx,9657,to cancel,取消,取消,
inline_ternary,app/frontend/src/pages/WorkflowWorkspace.tsx:9658:inline_ternary:1,translated,app/frontend/src/pages/WorkflowWorkspace.tsx,9658,Free: current project only,免费版：仅当前项目,免费版：仅当前项目,
inline_ternary,app/frontend/src/pages/WorkflowWorkspace.tsx:9659:inline_ternary:1,translated,app/frontend/src/pages/WorkflowWorkspace.tsx,9659,Premium: multi-project search,高级版：跨项目搜索,高级版：跨项目搜索,
